"2020-07-28T16:38:17.656Z",845
"2020-07-28T17:01:53.043Z",354
"2020-07-28T17:13:49.901Z",451
"2020-07-28T17:10:41.454Z",653
"2020-07-29T04:07:45.588Z",288
"2020-07-30T04:07:35.649Z",320
"2020-07-30T14:59:43.918Z",361
"2020-07-31T04:07:23.256Z",310
"2020-07-31T09:05:46.904Z",408
"2020-07-31T09:17:11.150Z",342
"2020-08-01T04:09:50.505Z",311
"2020-08-02T04:07:40.513Z",307
"2020-08-03T04:07:34.974Z",301
"2020-08-03T09:38:20.461Z",557
"2020-08-04T04:07:32.040Z",300
"2020-08-04T15:06:20.682Z",348
"2020-08-04T15:50:42.602Z",342
"2020-08-04T16:18:52.092Z",354
"2020-08-05T17:25:30.492Z",979
"2020-08-10T15:49:14.833Z",788
"2020-08-11T04:06:51.052Z",731
"2020-08-11T10:52:19.949Z",657
"2020-08-11T10:52:44.606Z",707
"2020-08-12T04:07:00.761Z",745
"2020-08-12T08:58:10.937Z",919
"2020-08-12T11:42:37.007Z",927
"2020-08-12T11:44:15.135Z",696
"2020-08-13T04:07:20.547Z",760
"2020-08-13T16:08:39.188Z",890
"2020-08-14T04:06:38.313Z",722
"2020-08-14T08:46:21.410Z",740
"2020-08-14T09:47:17.461Z",808
"2020-08-14T14:06:31.786Z",881
"2020-08-15T04:06:34.706Z",721
"2020-08-16T04:07:09.248Z",746
"2020-08-17T04:06:35.356Z",689
"2020-08-17T10:38:37.669Z",1044
"2020-08-17T10:41:01.625Z",782
"2020-08-17T17:02:54.394Z",849
"2020-08-17T18:08:39.051Z",949
"2020-08-18T04:06:38.994Z",725
"2020-08-18T08:13:21.917Z",843
"2020-08-18T09:11:51.790Z",996
"2020-08-18T11:11:23.525Z",925
"2020-08-18T14:54:43.517Z",1025
"2020-08-18T15:13:30.166Z",927
"2020-08-18T16:54:35.376Z",890
"2020-08-18T17:09:50.465Z",763
"2020-08-19T04:06:47.312Z",746
"2020-08-19T09:09:19.667Z",881
"2020-08-19T09:58:56.090Z",825
"2020-08-19T15:54:57.997Z",1020
"2020-08-20T04:06:45.231Z",728
"2020-08-21T04:06:43.602Z",726
"2020-08-21T09:44:54.542Z",696
"2020-08-21T10:32:11.641Z",677
"2020-08-21T10:55:38.771Z",666
"2020-08-21T13:25:37.854Z",856
"2020-08-21T13:30:18.008Z",650
"2020-08-22T04:06:34.340Z",681
"2020-08-23T04:07:12.581Z",716
"2020-08-24T04:07:14.910Z",715
"2020-08-24T08:36:20.310Z",838
"2020-08-24T10:43:48.191Z",817
"2020-08-25T04:06:55.907Z",700
"2020-08-25T08:57:11.097Z",727
"2020-08-25T09:09:43.290Z",601
"2020-08-25T09:59:20.560Z",923
"2020-08-25T15:16:40.277Z",830
"2020-08-25T15:45:09.201Z",602
"2020-08-26T04:06:40.057Z",792
"2020-08-26T11:25:09.759Z",735
"2020-08-26T15:37:50.859Z",711
"2020-08-26T19:33:27.252Z",803
"2020-08-27T04:06:54.291Z",659
"2020-08-27T11:43:09.418Z",738
"2020-08-27T15:12:09.268Z",716
"2020-08-28T04:07:31.357Z",680
"2020-08-29T04:06:22.525Z",661
"2020-08-30T04:07:15.822Z",684
"2020-08-31T04:06:45.064Z",716
"2020-08-31T09:28:43.537Z",786
"2020-08-31T10:30:38.969Z",834
"2020-08-31T13:44:39.288Z",852
"2020-09-01T04:09:50.497Z",736
"2020-09-01T10:34:19.879Z",722
"2020-09-01T11:57:17.810Z",874
"2020-09-01T13:23:47.426Z",729
"2020-09-01T15:17:23.094Z",713
"2020-09-02T04:06:41.012Z",668
"2020-09-02T10:27:54.678Z",825
"2020-09-02T11:44:26.999Z",735
"2020-09-03T04:08:37.526Z",679
"2020-09-03T10:40:03.036Z",747
"2020-09-03T14:51:36.190Z",710
"2020-09-03T15:01:31.849Z",697
"2020-09-04T04:07:08.555Z",651
"2020-09-04T08:46:12.732Z",880
"2020-09-04T11:08:23.232Z",870
"2020-09-04T13:50:44.390Z",682
"2020-09-05T04:06:26.722Z",738
"2020-09-06T04:07:03.233Z",732
"2020-09-07T04:06:41.882Z",657
"2020-09-07T13:49:19.070Z",866
"2020-09-07T14:23:57.373Z",716
"2020-09-07T17:00:48.181Z",692
"2020-09-08T04:07:12.246Z",687
"2020-09-08T10:53:47.465Z",816
"2020-09-08T14:27:06.812Z",700
"2020-09-08T15:27:05.580Z",840
"2020-09-08T15:59:20.145Z",694
"2020-09-08T17:23:41.933Z",698
"2020-09-09T04:07:08.514Z",800
"2020-09-09T11:49:25.032Z",708
"2020-09-09T14:13:38.865Z",719
"2020-09-10T04:06:56.090Z",1020
"2020-09-10T07:53:28.399Z",846
"2020-09-10T08:03:41.861Z",591
"2020-09-10T08:48:48.118Z",785
"2020-09-10T10:19:31.411Z",736
"2020-09-10T10:36:32.378Z",593
"2020-09-10T13:20:44.763Z",869
"2020-09-10T14:25:57.719Z",808
"2020-09-10T17:06:55.284Z",691
"2020-09-11T04:06:54.853Z",646
"2020-09-11T08:35:51.580Z",701
"2020-09-11T08:55:16.924Z",576
"2020-09-12T04:06:34.086Z",720
"2020-09-13T04:07:07.852Z",720
"2020-09-14T04:07:20.804Z",670
"2020-09-14T08:34:19.854Z",718
"2020-09-14T09:03:28.273Z",591
"2020-09-14T09:05:28.450Z",575
"2020-09-14T10:51:25.851Z",820
"2020-09-15T04:07:09.517Z",642
"2020-09-15T08:31:45.479Z",845
"2020-09-15T16:43:08.533Z",724
"2020-09-15T16:49:17.434Z",599
"2020-09-15T17:52:13.258Z",729
"2020-09-16T04:06:42.156Z",690
"2020-09-16T09:48:40.689Z",731
"2020-09-16T10:23:52.976Z",807
"2020-09-16T12:17:59.432Z",726
"2020-09-16T15:27:40.869Z",729
"2020-09-17T04:06:27.968Z",663
"2020-09-17T08:24:06.428Z",703
"2020-09-17T09:51:10.365Z",734
"2020-09-17T14:44:56.473Z",838
"2020-09-17T17:10:56.755Z",729
"2020-09-17T17:34:47.274Z",590
"2020-09-18T04:06:47.614Z",733
"2020-09-19T04:06:41.026Z",701
"2020-09-20T04:07:26.869Z",724
"2020-09-21T04:06:51.134Z",1465
"2020-09-21T08:54:33.391Z",844
"2020-09-21T11:58:22.767Z",587
"2020-09-22T04:06:20.531Z",760
"2020-09-22T17:03:38.624Z",812
"2020-09-22T22:26:32.532Z",857
"2020-09-23T04:07:15.709Z",771
"2020-09-23T04:26:28.561Z",524
"2020-09-23T08:58:10.236Z",835
"2020-09-23T11:23:35.758Z",884
"2020-09-24T04:06:47.691Z",662
"2020-09-24T09:32:41.670Z",689
"2020-09-24T15:51:20.806Z",707
"2020-09-25T04:07:05.402Z",647
"2020-09-25T13:35:04.164Z",791
"2020-09-26T04:06:22.485Z",725
"2020-09-27T04:07:08.817Z",702
"2020-09-28T04:06:44.876Z",649
"2020-09-28T09:57:21.561Z",733
"2020-09-28T13:38:54.421Z",708
"2020-09-28T17:57:59.353Z",875
"2020-09-29T04:06:40.729Z",647
"2020-09-29T18:01:34.462Z",808
"2020-09-30T04:07:22.526Z",656
"2020-09-30T14:15:22.656Z",739
"2020-10-01T00:41:38.600Z",732
"2020-10-01T01:15:34.938Z",723
"2020-10-01T04:09:36.715Z",736
"2020-10-01T10:46:18.353Z",847
"2020-10-01T11:34:12.915Z",707
"2020-10-01T11:35:42.362Z",715
"2020-10-02T04:06:45.715Z",705
"2020-10-02T09:53:21.184Z",742
"2020-10-02T10:23:37.736Z",582
"2020-10-02T11:00:16.324Z",694
"2020-10-03T04:06:35.199Z",698
"2020-10-04T04:07:17.593Z",703
"2020-10-05T04:06:44.456Z",679
"2020-10-06T04:06:27.432Z",654
"2020-10-06T06:47:43.744Z",864
"2020-10-06T10:03:21.841Z",757
"2020-10-06T10:40:15.410Z",719
"2020-10-06T12:32:48.913Z",837
"2020-10-06T13:02:13.532Z",596
"2020-10-06T15:37:56.462Z",696
"2020-10-07T04:06:42.104Z",654
"2020-10-07T12:10:27.433Z",816
"2020-10-07T13:40:39.303Z",703
"2020-10-07T15:04:05.678Z",838
"2020-10-08T04:06:42.291Z",682
"2020-10-08T11:09:31.996Z",711
"2020-10-08T14:11:45.267Z",842
"2020-10-08T14:12:05.545Z",606
"2020-10-08T17:30:19.820Z",676
"2020-10-09T04:06:41.493Z",698
"2020-10-09T09:51:25.409Z",826
"2020-10-09T17:09:18.887Z",837
"2020-10-10T04:06:29.228Z",685
"2020-10-11T04:07:03.900Z",701
"2020-10-12T04:06:48.435Z",691
"2020-10-12T08:29:27.504Z",829
"2020-10-12T08:57:36.779Z",699
"2020-10-12T09:45:03.631Z",715
"2020-10-12T14:57:40.604Z",748
"2020-10-12T15:23:00.575Z",602
"2020-10-13T04:06:49.042Z",666
"2020-10-13T10:45:54.559Z",720
"2020-10-13T13:56:48.060Z",863
"2020-10-13T14:59:08.046Z",706
"2020-10-13T15:32:53.252Z",692
"2020-10-14T04:06:35.795Z",689
"2020-10-14T10:03:21.766Z",805
"2020-10-15T04:08:27.534Z",720
"2020-10-15T08:09:22.272Z",707
"2020-10-15T08:39:54.044Z",606
"2020-10-15T08:54:49.142Z",607
"2020-10-15T10:20:15.891Z",708
"2020-10-15T10:33:04.679Z",584
"2020-10-15T11:03:52.761Z",569
"2020-10-15T11:42:14.519Z",731
"2020-10-15T13:54:47.486Z",742
"2020-10-15T15:22:49.775Z",694
"2020-10-15T16:51:47.814Z",865
"2020-10-15T17:32:15.240Z",699
"2020-10-16T04:07:00.727Z",700
"2020-10-16T08:56:16.833Z",713
"2020-10-16T14:29:59.849Z",814
"2020-10-16T15:46:47.594Z",833
"2020-10-17T04:06:27.732Z",703
"2020-10-18T04:06:59.486Z",697
"2020-10-19T04:06:42.193Z",754
"2020-10-19T08:29:53.333Z",842
"2020-10-19T08:39:49.594Z",657
"2020-10-19T08:46:45.177Z",604
"2020-10-19T10:36:56.976Z",719
"2020-10-19T11:00:34.732Z",612
"2020-10-19T13:17:24.180Z",709
"2020-10-19T17:56:38.820Z",735
"2020-10-20T04:07:15.141Z",708
"2020-10-20T08:08:40.802Z",833
"2020-10-20T08:41:42.251Z",599
"2020-10-20T08:45:03.555Z",604
"2020-10-20T11:10:49.841Z",734
"2020-10-20T12:06:26.481Z",1009
"2020-10-20T14:18:17.560Z",805
"2020-10-21T04:06:44.006Z",739
"2020-10-21T09:17:03.593Z",754
"2020-10-21T11:25:48.610Z",747
"2020-10-21T14:36:20.028Z",840
"2020-10-22T04:06:52.322Z",647
"2020-10-22T08:18:26.256Z",704
"2020-10-22T10:40:01.759Z",834
"2020-10-22T10:56:14.261Z",590
"2020-10-22T11:04:49.644Z",605
"2020-10-22T14:44:49.003Z",699
"2020-10-22T17:03:42.418Z",704
"2020-10-23T04:06:56.142Z",692
"2020-10-23T08:00:13.917Z",730
"2020-10-24T04:07:23.224Z",789
"2020-10-25T04:07:39.924Z",690
"2020-10-26T04:06:31.843Z",815
"2020-10-26T08:55:03.662Z",862
"2020-10-26T12:27:06.079Z",
"2020-10-26T13:48:58.614Z",600
"2020-10-26T20:34:28.912Z",800
"2020-10-27T04:06:48.278Z",669
"2020-10-27T15:06:53.723Z",755
"2020-10-27T15:09:38.647Z",603
"2020-10-27T16:56:00.058Z",715
"2020-10-27T17:07:10.307Z",589
"2020-10-28T04:06:46.408Z",712
"2020-10-28T09:28:33.519Z",770
"2020-10-28T10:52:06.288Z",781
"2020-10-28T16:02:13.109Z",707
"2020-10-28T16:16:31.185Z",570
"2020-10-28T17:48:36.501Z",830
"2020-10-28T18:16:05.284Z",610
"2020-10-29T04:06:46.750Z",689
"2020-10-29T14:14:17.266Z",697
"2020-10-29T15:54:39.913Z",804
"2020-10-29T16:16:10.627Z",604
"2020-10-29T17:11:55.767Z",724
"2020-10-29T17:27:28.390Z",603
"2020-10-29T18:11:51.215Z",882
"2020-10-30T04:07:31.100Z",791
"2020-10-30T10:59:16.556Z",726
"2020-10-30T11:11:08.820Z",606
"2020-10-30T12:57:17.670Z",733
"2020-10-30T14:02:25.693Z",823
"2020-10-30T14:14:48.215Z",624
"2020-10-30T15:59:24.975Z",710
"2020-10-30T16:23:38.846Z",598
"2020-10-30T17:51:43.912Z",618
"2020-10-30T18:34:49.956Z",815
"2020-10-31T04:06:19.160Z",756
"2020-11-01T04:09:13.288Z",696
"2020-11-02T04:06:48.441Z",724
"2020-11-02T11:32:25.123Z",758
"2020-11-02T11:48:34.025Z",768
"2020-11-02T12:43:03.366Z",802
"2020-11-02T14:37:11.188Z",763
"2020-11-02T14:39:18.705Z",551
"2020-11-03T04:07:00.629Z",630
"2020-11-03T12:02:23.858Z",754
"2020-11-03T12:23:07.262Z",644
"2020-11-04T04:07:13.596Z",624
"2020-11-04T14:08:28.895Z",725
"2020-11-04T16:36:17.990Z",3074
"2020-11-04T19:10:46.288Z",867
"2020-11-05T04:07:11.849Z",669
"2020-11-05T11:49:21.925Z",721
"2020-11-05T14:41:17.710Z",872
"2020-11-05T17:56:30.986Z",727
"2020-11-06T04:06:26.922Z",633
"2020-11-06T12:25:56.482Z",900
"2020-11-06T14:54:47.694Z",761
"2020-11-06T16:34:50.902Z",856
"2020-11-06T17:52:18.571Z",807
"2020-11-06T18:52:12.446Z",714
"2020-11-07T04:06:30.769Z",611
"2020-11-08T04:07:23.849Z",682
"2020-11-09T04:06:42.196Z",669
"2020-11-09T11:14:17.966Z",736
"2020-11-09T11:33:28.227Z",602
"2020-11-09T12:44:07.182Z",824
"2020-11-09T14:17:35.682Z",759
"2020-11-09T17:14:19.810Z",633
"2020-11-09T16:40:39.141Z",610
"2020-11-09T18:47:57.526Z",741
"2020-11-10T09:08:31.359Z",873
"2020-11-10T10:39:14.421Z",749
"2020-11-10T11:11:12.121Z",630
"2020-11-10T11:39:26.016Z",846
"2020-11-10T11:58:18.504Z",632
"2020-11-10T13:01:00.383Z",755
"2020-11-10T16:30:54.951Z",770
"2020-11-10T16:40:21.489Z",801
"2020-11-10T17:55:29.996Z",773
"2020-11-10T18:46:14.443Z",710
"2020-11-11T04:06:36.918Z",629
"2020-11-11T10:32:20.049Z",779
"2020-11-11T11:58:40.612Z",763
"2020-11-11T12:55:08.973Z",771
"2020-11-11T13:23:28.173Z",639
"2020-11-11T14:21:07.387Z",813
"2020-11-11T15:09:32.803Z",782
"2020-11-11T16:18:20.762Z",658
"2020-11-11T16:45:52.540Z",777
"2020-11-11T16:47:12.937Z",1131
"2020-11-11T16:01:15.735Z",780
"2020-11-11T18:26:21.455Z",783
"2020-11-12T04:06:40.673Z",716
"2020-11-12T09:46:31.537Z",776
"2020-11-12T10:03:11.897Z",873
"2020-11-12T10:33:06.717Z",826
"2020-11-12T11:31:35.087Z",937
"2020-11-12T12:01:36.801Z",687
"2020-11-12T16:18:56.724Z",
"2020-11-12T16:29:24.421Z",648
"2020-11-12T18:26:29.171Z",742
"2020-11-12T18:51:18.646Z",776
"2020-11-12T19:15:24.413Z",663
"2020-11-13T04:06:37.157Z",644
"2020-11-13T12:44:33.353Z",812
"2020-11-13T12:56:57.908Z",815
"2020-11-13T14:59:50.686Z",916
"2020-11-13T15:48:50.761Z",759
"2020-11-13T17:38:37.602Z",927
"2020-11-14T04:06:30.890Z",628
"2020-11-15T04:07:23.662Z",646
"2020-11-16T04:06:53.182Z",632
"2020-11-16T10:13:49.786Z",766
"2020-11-16T14:43:16.927Z",837
"2020-11-16T16:22:39.371Z",802
"2020-11-16T17:07:17.022Z",886
"2020-11-16T17:44:29.172Z",642
"2020-11-16T18:38:16.608Z",766
"2020-11-17T04:06:36.436Z",627
"2020-11-17T09:51:20.092Z",768
"2020-11-17T16:01:34.166Z",785
"2020-11-17T18:09:36.353Z",761
"2020-11-17T18:54:45.617Z",757
"2020-11-18T04:07:02.465Z",651
"2020-11-18T14:17:37.696Z",795
"2020-11-18T14:34:52.245Z",675
"2020-11-18T15:39:18.115Z",750
"2020-11-18T16:03:47.935Z",623
"2020-11-18T16:08:55.013Z",818
"2020-11-18T17:58:23.497Z",957
"2020-11-18T18:42:35.876Z",785
"2020-11-18T21:01:38.462Z",923
"2020-11-19T10:07:15.429Z",815
"2020-11-19T11:07:08.566Z",1001
"2020-11-19T12:10:17.880Z",816
"2020-11-19T15:34:04.175Z",954
"2020-11-19T15:44:34.487Z",695
"2020-11-19T16:24:31.373Z",818
"2020-11-19T16:57:28.569Z",708
"2020-11-19T18:00:35.326Z",807
"2020-11-19T19:14:31.067Z",819
"2020-11-19T22:35:18.759Z",911
"2020-11-20T04:06:42.909Z",659
"2020-11-20T09:36:39.788Z",911
"2020-11-20T11:14:49.243Z",678
"2020-11-20T11:52:06.335Z",671
"2020-11-20T12:33:44.544Z",799
"2020-11-20T15:57:07.602Z",984
"2020-11-20T16:35:48.702Z",827
"2020-11-20T18:58:51.599Z",789
"2020-11-21T04:06:23.643Z",668
"2020-11-22T04:07:28.978Z",659
"2020-11-23T04:06:31.658Z",668
"2020-11-23T09:26:52.935Z",999
"2020-11-23T10:57:06.159Z",923
"2020-11-23T11:20:31.390Z",679
"2020-11-23T13:38:15.361Z",789
"2020-11-23T14:47:16.443Z",924
"2020-11-23T23:37:45.413Z",802
"2020-11-24T04:06:54.120Z",648
"2020-11-24T09:52:13.761Z",812
"2020-11-24T10:40:27.248Z",808
"2020-11-24T10:49:06.765Z",821
"2020-11-24T12:22:22.891Z",771
"2020-11-24T12:30:06.654Z",721
"2020-11-24T13:08:09.827Z",808
"2020-11-24T15:17:37.662Z",815
"2020-11-24T16:39:35.965Z",964
"2020-11-24T18:51:44.284Z",710
"2020-11-25T10:31:58.791Z",857
"2020-11-25T12:54:15.175Z",822
"2020-11-25T14:00:55.578Z",988
"2020-11-25T14:54:16.808Z",865
"2020-11-25T15:13:09.667Z",700
"2020-11-25T15:43:22.639Z",817
"2020-11-25T16:28:38.649Z",695
"2020-11-25T16:55:12.860Z",844
"2020-11-26T04:06:28.075Z",658
"2020-11-26T09:02:54.652Z",961
"2020-11-26T11:09:01.838Z",827
"2020-11-26T11:42:43.650Z",689
"2020-11-26T12:27:10.095Z",927
"2020-11-26T16:49:24.438Z",920
"2020-11-26T17:31:45.963Z",804
"2020-11-27T04:06:37.013Z",662
"2020-11-27T11:06:09.401Z",797
"2020-11-27T12:20:41.724Z",841
"2020-11-27T13:07:19.545Z",931
"2020-11-27T14:37:51.757Z",993
"2020-11-27T16:57:33.388Z",813
"2020-11-27T17:41:38.153Z",819
"2020-11-27T18:08:37.064Z",680
"2020-11-27T19:17:05.934Z",971
"2020-11-28T04:06:22.560Z",699
"2020-11-29T04:06:52.195Z",659
"2020-11-30T04:06:45.312Z",693
"2020-11-30T11:20:51.870Z",851
"2020-11-30T14:00:32.847Z",793
"2020-11-30T16:14:36.626Z",839
"2020-11-30T16:27:13.433Z",727
"2020-11-30T16:33:05.696Z",839
"2020-12-01T04:08:50.429Z",699
"2020-12-02T04:06:57.860Z",680
"2020-12-02T09:44:04.070Z",697
"2020-12-02T11:50:54.017Z",941
"2020-12-02T16:06:49.826Z",924
"2020-12-02T18:47:03.202Z",969
"2020-12-02T19:33:27.455Z",860
"2020-12-03T04:06:44.918Z",672
"2020-12-03T14:27:28.006Z",940
"2020-12-03T15:24:30.464Z",811
"2020-12-03T16:00:35.451Z",827
"2020-12-04T04:07:21.583Z",702
"2020-12-04T10:34:34.174Z",977
"2020-12-04T11:19:00.600Z",836
"2020-12-04T15:33:43.630Z",968
"2020-12-04T16:00:38.879Z",700
"2020-12-04T18:07:33.699Z",836
"2020-12-05T04:06:15.048Z",691
"2020-12-05T11:50:46.467Z",965
"2020-12-06T04:06:59.324Z",657
"2020-12-07T04:06:45.072Z",689
"2020-12-07T10:06:00.717Z",905
"2020-12-07T13:10:14.127Z",854
"2020-12-07T15:01:05.616Z",932
"2020-12-07T15:23:19.023Z",694
"2020-12-07T16:39:35.360Z",982
"2020-12-07T17:54:00.802Z",816
"2020-12-08T04:06:32.900Z",689
"2020-12-09T04:06:28.521Z",691
"2020-12-09T09:36:24.042Z",1001
"2020-12-09T10:51:11.568Z",823
"2020-12-09T17:33:39.511Z",838
"2020-12-10T04:06:53.037Z",711
"2020-12-10T09:38:04.338Z",809
"2020-12-10T10:28:15.770Z",747
"2020-12-10T11:07:44.289Z",812
"2020-12-10T12:12:44.190Z",815
"2020-12-10T13:16:37.778Z",817
"2020-12-10T16:36:52.608Z",818
"2020-12-10T17:03:54.667Z",940
"2020-12-11T04:06:58.676Z",675
"2020-12-11T10:21:57.159Z",855
"2020-12-11T11:49:15.079Z",830
"2020-12-11T11:50:19.157Z",800
"2020-12-11T13:09:30.714Z",809
"2020-12-11T15:42:02.774Z",831
"2020-12-11T16:06:53.647Z",822
"2020-12-11T16:19:10.948Z",800
"2020-12-11T17:18:30.924Z",813
"2020-12-11T18:49:59.483Z",786
"2020-12-12T04:06:07.855Z",681
"2020-12-13T04:06:56.839Z",665
"2020-12-14T04:06:26.950Z",679
"2020-12-14T12:06:14.999Z",932
"2020-12-14T12:49:49.970Z",988
"2020-12-14T14:52:10.701Z",847
"2020-12-14T16:25:59.710Z",835
"2020-12-14T17:37:40.746Z",826
"2020-12-14T18:45:58.335Z",828
"2020-12-15T04:06:53.290Z",755
"2020-12-15T10:47:38.726Z",930
"2020-12-15T18:03:30.092Z",952
"2020-12-15T19:02:07.346Z",828
"2020-12-15T23:36:56.491Z",796
"2020-12-16T04:06:16.886Z",668
"2020-12-16T09:30:20.733Z",968
"2020-12-16T17:24:30.850Z",856
"2020-12-17T04:06:44.763Z",682
"2020-12-17T11:35:25.260Z",722
"2020-12-17T12:00:59.530Z",888
"2020-12-17T12:58:01.349Z",747
"2020-12-17T14:43:09.550Z",780
"2020-12-18T04:06:13.432Z",692
"2020-12-18T09:44:06.937Z",792
"2020-12-18T15:22:09.335Z",771
"2020-12-18T17:59:00.845Z",1034
"2020-12-18T18:43:58.112Z",889
"2020-12-19T04:06:06.086Z",712
"2020-12-19T14:57:19.981Z",926
"2020-12-20T04:06:51.506Z",799
"2020-12-21T04:06:18.324Z",813
"2020-12-21T09:07:11.904Z",1010
"2020-12-21T10:08:56.434Z",1031
"2020-12-21T10:38:17.394Z",769
"2020-12-21T13:38:38.745Z",1054
"2020-12-22T04:06:26.416Z",675
"2020-12-22T15:43:12.509Z",1000
"2020-12-22T18:28:58.414Z",838
"2020-12-23T08:39:20.708Z",955
"2020-12-23T18:19:24.201Z",845
"2020-12-23T19:24:04.671Z",837
"2020-12-23T20:02:41.195Z",939
"2020-12-24T04:06:02.912Z",673
"2020-12-24T09:49:29.245Z",848
"2020-12-24T12:01:43.227Z",1322
"2020-12-24T13:00:26.782Z",1061
"2020-12-24T16:09:22.836Z",829
"2020-12-28T16:38:59.151Z",854
"2020-12-29T04:06:30.351Z",654
"2020-12-29T11:52:23.607Z",846
"2020-12-29T12:06:16.315Z",705
"2020-12-29T13:19:13.802Z",845
"2020-12-29T15:13:09.456Z",959
"2020-12-29T16:14:34.406Z",865
"2020-12-30T04:06:33.156Z",685
"2020-12-31T04:06:28.861Z",682
"2021-01-01T04:08:33.673Z",662
"2021-01-02T04:06:07.502Z",660
"2021-01-03T04:06:54.657Z",676
"2021-01-04T04:06:37.175Z",664
"2021-01-04T12:36:32.678Z",849
"2021-01-04T14:05:27.783Z",866
"2021-01-04T16:32:30.528Z",845
"2021-01-04T16:38:47.207Z",740
"2021-01-04T17:48:45.938Z",817
"2021-01-04T18:41:03.963Z",840
"2021-01-04T19:07:13.701Z",728
"2021-01-05T04:06:41.228Z",675
"2021-01-05T12:36:02.844Z",957
"2021-01-05T15:33:09.594Z",968
"2021-01-05T15:44:14.327Z",770
"2021-01-05T16:15:06.446Z",847
"2021-01-06T09:19:29.098Z",979
"2021-01-06T10:02:49.157Z",932
"2021-01-06T14:28:58.646Z",974
"2021-01-06T16:27:49.250Z",990
"2021-01-07T04:06:33.638Z",698
"2021-01-07T09:56:25.018Z",908
"2021-01-07T10:51:41.580Z",990
"2021-01-07T11:02:56.941Z",762
"2021-01-07T15:13:26.211Z",899
"2021-01-07T17:06:30.655Z",881
"2021-01-08T04:06:31.789Z",752
"2021-01-11T11:19:18.988Z",1015
"2021-01-11T15:53:03.984Z",1007
"2021-01-11T16:51:53.719Z",939
"2021-01-11T17:05:42.577Z",738
"2021-01-11T17:07:12.684Z",728
"2021-01-11T17:28:21.637Z",728
"2021-01-11T17:50:23.069Z",734
"2021-01-11T20:25:12.190Z",784
"2021-01-12T04:06:48.211Z",756
"2021-01-12T10:03:39.431Z",997
"2021-01-12T11:08:01.010Z",886
"2021-01-12T12:12:08.118Z",607
"2021-01-12T12:28:13.030Z",872
"2021-01-12T12:35:32.122Z",500
"2021-01-12T13:03:15.038Z",863
"2021-01-12T13:20:40.231Z",748
"2021-01-12T14:42:07.455Z",878
"2021-01-12T15:42:21.441Z",740
"2021-01-12T15:27:55.707Z",821
"2021-01-12T17:09:31.758Z",970
"2021-01-12T17:15:49.656Z",685
"2021-01-12T17:36:38.361Z",741
"2021-01-12T18:12:20.905Z",723
"2021-01-12T21:34:23.332Z",976
"2021-01-13T04:06:43.410Z",770
"2021-01-13T09:50:25.808Z",869
"2021-01-13T16:05:37.523Z",835
"2021-01-13T16:36:48.402Z",722
"2021-01-13T18:20:40.310Z",973
"2021-01-13T18:41:12.468Z",749
"2021-01-13T18:50:44.254Z",682
"2021-01-13T19:13:50.441Z",725
"2021-01-13T19:50:12.235Z",845
"2021-01-13T20:53:15.816Z",916
"2021-01-13T21:03:06.692Z",692
"2021-01-13T21:20:42.911Z",727
"2021-01-14T04:06:50.955Z",760
"2021-01-14T09:09:18.749Z",984
"2021-01-14T09:19:55.609Z",709
"2021-01-14T12:09:56.385Z",1067
"2021-01-14T13:55:17.215Z",893
"2021-01-14T19:39:47.726Z",865
"2021-01-14T19:56:36.149Z",731
"2021-01-15T04:06:48.956Z",766
"2021-01-15T09:36:41.865Z",862
"2021-01-15T09:43:52.925Z",660
"2021-01-15T10:41:45.661Z",966
"2021-01-15T13:04:02.895Z",1249
"2021-01-15T13:20:39.216Z",1211
"2021-01-15T16:26:56.527Z",961
"2021-01-15T16:49:40.128Z",790
"2021-01-15T16:54:55.955Z",694
"2021-01-15T17:07:21.607Z",1067
"2021-01-15T17:40:54.725Z",733
"2021-01-15T18:11:53.454Z",891
"2021-01-15T18:47:11.135Z",851
"2021-01-16T04:06:25.699Z",730
"2021-01-17T04:07:00.113Z",700
"2021-01-18T04:07:11.867Z",774
"2021-01-18T09:38:26.209Z",986
"2021-01-18T10:43:28.281Z",1029
"2021-01-18T11:36:21.793Z",986
"2021-01-18T14:56:09.617Z",928
"2021-01-18T16:42:25.382Z",886
"2021-01-19T04:06:31.693Z",739
"2021-01-19T09:06:48.043Z",982
"2021-01-19T09:53:31.664Z",939
"2021-01-19T10:54:25.729Z",864
"2021-01-19T10:59:40.457Z",690
"2021-01-19T11:23:34.405Z",764
"2021-01-19T11:28:00.194Z",727
"2021-01-19T11:32:23.525Z",686
"2021-01-19T13:18:52.992Z",847
"2021-01-19T13:24:36.488Z",698
"2021-01-19T13:50:57.724Z",730
"2021-01-19T14:29:52.088Z",892
"2021-01-19T16:49:05.782Z",996
"2021-01-20T04:06:40.004Z",704
"2021-01-20T10:07:19.239Z",885
"2021-01-20T10:19:53.911Z",772
"2021-01-20T11:09:33.340Z",1029
"2021-01-20T11:27:29.860Z",740
"2021-01-20T12:16:47.936Z",1141
"2021-01-20T23:24:56.047Z",802
"2021-01-21T10:03:20.221Z",1463
"2021-01-21T10:36:55.799Z",838
"2021-01-21T10:39:59.355Z",742
"2021-01-21T11:16:02.267Z",788
"2021-01-21T12:17:02.814Z",929
"2021-01-22T15:08:09.905Z",908
"2021-01-22T15:17:35.648Z",760
"2021-01-22T16:22:11.152Z",1099
"2021-01-22T17:44:25.569Z",892
"2021-01-23T04:06:20.495Z",737
"2021-01-24T04:08:39.454Z",766
"2021-01-25T04:07:05.035Z",769
"2021-01-25T10:19:58.771Z",885
"2021-01-25T10:51:58.008Z",748
"2021-01-25T17:11:57.639Z",756
"2021-01-25T17:44:41.624Z",872
"2021-01-26T04:06:48.220Z",756
"2021-01-26T10:14:32.849Z",873
"2021-01-26T10:46:17.141Z",794
"2021-01-26T11:06:18.660Z",838
"2021-01-26T21:13:12.990Z",838
"2021-01-27T04:09:32.159Z",1295
"2021-01-27T10:12:41.186Z",928
"2021-01-27T11:04:39.215Z",935
"2021-01-27T11:05:18.582Z",823
"2021-01-27T12:35:17.699Z",958
"2021-01-27T12:49:05.335Z",870
"2021-01-27T13:30:16.912Z",902
"2021-01-27T17:44:48.822Z",746
"2021-01-28T04:07:17.453Z",777
"2021-01-28T15:04:38.447Z",970
"2021-01-28T15:12:12.001Z",812
"2021-01-29T04:07:04.491Z",713
"2021-01-29T11:29:00.625Z",890
"2021-01-29T14:00:46.270Z",1019
"2021-01-29T16:14:56.318Z",911
"2021-01-29T18:59:08.259Z",906
"2021-01-30T04:07:00.217Z",731
"2021-01-31T04:08:22.750Z",790
"2021-02-01T04:08:36.511Z",734
"2021-02-01T09:09:56.918Z",1001
"2021-02-01T12:41:28.371Z",907
"2021-02-01T16:12:54.863Z",921
"2021-02-01T17:42:00.211Z",877
"2021-02-01T18:10:31.720Z",751
"2021-02-02T04:06:46.073Z",725
"2021-02-02T09:41:59.111Z",1078
"2021-02-02T09:54:55.678Z",797
"2021-02-02T12:18:59.405Z",907
"2021-02-02T12:34:53.895Z",785
"2021-02-02T12:46:53.528Z",776
"2021-02-02T12:52:13.448Z",716
"2021-02-02T17:31:47.977Z",748
"2021-02-02T21:45:54.671Z",1021
"2021-02-03T04:07:43.824Z",754
"2021-02-03T15:46:44.270Z",953
"2021-02-03T16:03:44.327Z",784
"2021-02-03T16:22:37.722Z",770
"2021-02-04T04:08:04.163Z",729
"2021-02-04T09:23:38.186Z",1047
"2021-02-04T10:22:02.399Z",911
"2021-02-04T12:47:32.312Z",879
"2021-02-04T16:39:55.272Z",892
"2021-02-04T17:48:04.141Z",990
"2021-02-04T19:01:09.839Z",922
"2021-02-05T04:07:14.867Z",766
"2021-02-05T11:05:36.114Z",991
"2021-02-05T11:31:43.645Z",860
"2021-02-05T14:19:33.491Z",825
"2021-02-06T04:07:09.529Z",743
"2021-02-07T04:08:38.282Z",714
"2021-02-08T04:07:28.734Z",775
"2021-02-08T10:01:31.209Z",900
"2021-02-08T10:10:22.542Z",723
"2021-02-08T13:55:13.551Z",1049
"2021-02-08T13:56:54.075Z",844
"2021-02-08T14:37:32.511Z",877
"2021-02-08T15:03:11.645Z",752
"2021-02-08T15:56:43.677Z",927
"2021-02-08T18:43:37.116Z",803
"2021-02-08T19:14:51.887Z",799
"2021-02-09T04:07:14.631Z",781
"2021-02-09T09:11:04.047Z",991
"2021-02-09T11:51:52.459Z",896
"2021-02-09T11:59:16.512Z",808
"2021-02-09T14:26:05.715Z",1012
"2021-02-09T14:26:15.611Z",820
"2021-02-09T15:01:15.679Z",966
"2021-02-09T17:11:55.832Z",1049
"2021-02-09T18:28:02.742Z",910
"2021-02-10T04:06:59.298Z",735
"2021-02-10T11:05:21.228Z",953
"2021-02-10T11:23:22.121Z",770
"2021-02-10T12:10:17.418Z",1025
"2021-02-10T15:52:37.267Z",905
"2021-02-10T17:16:38.996Z",996
"2021-02-10T17:36:18.005Z",796
"2021-02-10T19:52:59.749Z",1083
"2021-02-11T04:06:35.241Z",744
"2021-02-11T09:48:59.989Z",997
"2021-02-11T10:05:44.845Z",754
"2021-02-11T11:05:39.568Z",896
"2021-02-11T11:54:41.808Z",927
"2021-02-11T12:26:08.019Z",761
"2021-02-11T15:38:59.150Z",930
"2021-02-11T16:29:33.835Z",878
"2021-02-12T04:07:59.832Z",754
"2021-02-12T11:00:23.407Z",1051
"2021-02-12T11:28:15.740Z",772
"2021-02-12T15:42:41.171Z",938
"2021-02-12T17:33:01.585Z",874
"2021-02-12T17:57:36.338Z",848
"2021-02-13T04:07:06.292Z",736
"2021-02-14T04:07:40.237Z",803
"2021-02-15T04:07:13.713Z",751
"2021-02-15T10:19:02.043Z",882
"2021-02-15T10:59:01.627Z",918
"2021-02-15T11:07:04.207Z",865
"2021-02-15T14:19:16.947Z",938
"2021-02-15T14:47:34.766Z",917
"2021-02-15T16:13:50.199Z",960
"2021-02-15T17:33:49.269Z",797
"2021-02-15T18:49:01.772Z",883
"2021-02-15T19:17:54.387Z",757
"2021-02-16T04:08:08.023Z",726
"2021-02-16T11:53:53.205Z",1000
"2021-02-16T14:04:57.845Z",991
"2021-02-16T14:24:48.568Z",821
"2021-02-16T15:58:48.809Z",967
"2021-02-16T16:18:37.180Z",942
"2021-02-16T18:56:21.112Z",1063
"2021-02-16T23:07:00.041Z",924
"2021-02-17T04:07:08.048Z",732
"2021-02-17T09:15:56.857Z",1014
"2021-02-17T11:57:49.292Z",910
"2021-02-17T18:01:56.379Z",827
"2021-02-17T18:02:22.036Z",900
"2021-02-17T18:31:58.148Z",777
"2021-02-17T19:48:44.406Z",1009
"2021-02-18T04:08:18.465Z",806
"2021-02-18T09:59:34.554Z",915
"2021-02-18T10:32:33.776Z",824
"2021-02-18T12:16:24.661Z",882
"2021-02-18T13:21:29.556Z",879
"2021-02-18T15:14:17.153Z",883
"2021-02-18T16:38:56.353Z",892
"2021-02-19T04:07:22.537Z",794
"2021-02-19T18:03:24.037Z",765
"2021-02-20T04:07:00.472Z",733
"2021-02-21T04:08:05.660Z",733
"2021-02-22T04:07:31.301Z",740
"2021-02-22T12:13:54.676Z",908
"2021-02-22T14:04:27.183Z",892
"2021-02-22T15:19:30.337Z",997
"2021-02-22T15:25:20.923Z",746
"2021-02-22T16:21:56.523Z",1022
"2021-02-22T17:44:37.774Z",899
"2021-02-22T17:55:56.469Z",719
"2021-02-23T09:41:11.839Z",836
"2021-02-23T10:05:40.592Z",630
"2021-02-23T10:41:15.118Z",768
"2021-02-23T11:44:46.089Z",963
"2021-02-23T12:25:02.660Z",878
"2021-02-23T13:54:03.302Z",893
"2021-02-23T15:33:51.818Z",907
"2021-02-23T16:02:26.114Z",945
"2021-02-23T16:13:25.509Z",836
"2021-02-23T18:26:33.944Z",953
"2021-02-23T18:52:07.003Z",812
"2021-02-24T04:06:46.956Z",744
"2021-02-24T10:17:57.314Z",893
"2021-02-24T10:44:33.828Z",813
"2021-02-24T11:53:36.671Z",907
"2021-02-24T14:21:15.260Z",909
"2021-02-24T16:15:42.588Z",975
"2021-02-24T16:52:44.067Z",885
"2021-02-25T04:06:44.737Z",737
"2021-02-25T11:03:04.086Z",874
"2021-02-25T11:32:35.989Z",892
"2021-02-25T15:28:25.838Z",650
"2021-02-25T15:28:19.063Z",
"2021-02-25T15:27:58.853Z",
"2021-02-25T16:41:20.224Z",774
"2021-02-25T15:15:11.923Z",840
"2021-02-26T04:06:40.323Z",806
"2021-02-26T10:21:17.159Z",947
"2021-02-26T11:08:21.531Z",975
"2021-02-26T12:21:55.889Z",938
"2021-02-26T16:05:03.408Z",805
"2021-02-26T16:21:00.262Z",771
"2021-02-26T17:36:59.191Z",936
"2021-02-27T04:06:12.840Z",749
"2021-02-28T04:06:41.875Z",742
"2021-03-01T04:08:36.441Z",785
"2021-03-01T10:22:04.490Z",876
"2021-03-01T11:33:44.861Z",925
"2021-03-01T12:26:22.098Z",906
"2021-03-01T14:15:06.831Z",890
"2021-03-01T17:21:05.056Z",908
"2021-03-01T17:25:49.103Z",796
"2021-03-01T17:58:07.979Z",908
"2021-03-01T18:12:05.241Z",720
"2021-03-01T17:46:27.502Z",786
"2021-03-02T04:06:29.376Z",792
"2021-03-02T10:08:24.286Z",888
"2021-03-02T10:38:18.928Z",882
"2021-03-02T11:05:31.190Z",781
"2021-03-02T11:23:33.327Z",769
"2021-03-02T12:17:38.984Z",926
"2021-03-02T12:57:05.221Z",880
"2021-03-02T14:03:39.159Z",1035
"2021-03-02T14:33:00.262Z",863
"2021-03-02T14:39:55.384Z",719
"2021-03-02T14:51:33.610Z",786
"2021-03-02T15:53:05.375Z",961
"2021-03-02T16:52:56.051Z",911
"2021-03-02T18:56:42.909Z",883
"2021-03-02T19:41:04.878Z",1016
"2021-03-03T04:06:24.381Z",724
"2021-03-03T09:10:28.013Z",1018
"2021-03-03T09:53:55.382Z",768
"2021-03-03T10:04:45.338Z",766
"2021-03-03T10:40:05.317Z",957
"2021-03-03T15:35:21.674Z",1034
"2021-03-03T15:52:39.661Z",807
"2021-03-03T16:41:25.894Z",917
"2021-03-03T16:54:56.581Z",823
"2021-03-03T16:57:30.053Z",812
"2021-03-03T17:56:32.168Z",973
"2021-03-03T18:01:15.821Z",847
"2021-03-03T18:20:33.947Z",771
"2021-03-03T18:38:21.410Z",760
"2021-03-03T19:27:46.994Z",893
"2021-03-03T22:37:45.164Z",927
"2021-03-04T04:06:27.479Z",745
"2021-03-04T12:20:59.290Z",1039
"2021-03-04T14:24:29.554Z",1026
"2021-03-04T15:12:45.032Z",938
"2021-03-04T15:33:39.379Z",810
"2021-03-04T16:21:17.169Z",929
"2021-03-04T16:27:42.334Z",788
"2021-03-04T17:01:41.542Z",758
"2021-03-04T16:20:47.837Z",
"2021-03-04T17:20:39.532Z",769
"2021-03-04T17:41:45.646Z",779
"2021-03-04T17:20:13.505Z",881
"2021-03-04T18:38:21.706Z",781
"2021-03-05T04:06:39.030Z",755
"2021-03-05T12:03:56.659Z",924
"2021-03-05T12:20:04.916Z",859
"2021-03-05T14:14:36.870Z",915
"2021-03-05T14:35:32.123Z",789
"2021-03-05T15:21:04.996Z",881
"2021-03-05T17:38:57.614Z",896
"2021-03-06T04:06:45.330Z",722
"2021-03-07T04:07:07.671Z",796
"2021-03-08T04:06:35.653Z",729
"2021-03-08T10:22:33.823Z",962
"2021-03-08T10:26:23.447Z",830
"2021-03-08T11:58:48.494Z",1040
"2021-03-08T14:53:54.476Z",890
"2021-03-08T16:11:36.613Z",1039
"2021-03-08T17:22:14.867Z",893
"2021-03-09T04:06:51.004Z",767
"2021-03-09T09:04:28.282Z",1041
"2021-03-09T10:31:05.044Z",929
"2021-03-09T10:40:23.654Z",736
"2021-03-09T10:58:17.711Z",837
"2021-03-09T11:54:28.280Z",909
"2021-03-09T15:34:49.408Z",883
"2021-03-09T15:49:34.542Z",826
"2021-03-09T16:00:01.940Z",746
"2021-03-09T17:42:37.430Z",891
"2021-03-09T18:03:41.825Z",785
"2021-03-09T18:20:02.489Z",769
"2021-03-09T18:29:11.677Z",694
"2021-03-09T19:43:28.481Z",905
"2021-03-10T04:06:39.923Z",759
"2021-03-10T10:10:37.576Z",1045
"2021-03-10T10:29:25.271Z",768
"2021-03-10T11:22:25.492Z",891
"2021-03-10T15:01:39.375Z",1009
"2021-03-10T17:05:34.563Z",875
"2021-03-10T17:45:11.207Z",960
"2021-03-10T18:20:46.612Z",939
"2021-03-11T04:06:43.944Z",743
"2021-03-11T09:31:33.110Z",919
"2021-03-11T09:53:00.431Z",805
"2021-03-11T11:06:53.855Z",905
"2021-03-11T11:23:14.136Z",768
"2021-03-11T12:08:04.247Z",891
"2021-03-11T12:22:38.091Z",814
"2021-03-11T13:01:16.306Z",817
"2021-03-11T13:07:38.942Z",717
"2021-03-11T13:32:27.711Z",779
"2021-03-11T13:55:53.090Z",855
"2021-03-11T13:58:34.259Z",855
"2021-03-11T15:21:20.984Z",901
"2021-03-11T17:05:53.817Z",984
"2021-03-11T18:22:35.199Z",920
"2021-03-12T04:06:19.249Z",726
"2021-03-12T10:27:54.783Z",919
"2021-03-12T12:51:40.492Z",861
"2021-03-12T13:12:08.753Z",847
"2021-03-12T13:25:26.381Z",797
"2021-03-12T15:05:15.601Z",849
"2021-03-12T15:21:35.152Z",829
"2021-03-12T16:40:50.822Z",928
"2021-03-12T17:13:11.147Z",828
"2021-03-12T18:24:55.004Z",895
"2021-03-13T04:06:34.919Z",812
"2021-03-14T04:07:13.589Z",755
"2021-03-15T04:06:57.568Z",732
"2021-03-15T10:01:11.199Z",977
"2021-03-15T15:30:24.210Z",966
"2021-03-15T17:05:13.968Z",917
"2021-03-15T17:54:24.116Z",921
"2021-03-15T18:04:26.514Z",758
"2021-03-15T18:29:41.359Z",810
"2021-03-16T04:07:03.968Z",730
"2021-03-16T09:14:33.598Z",1061
"2021-03-16T09:19:34.382Z",836
"2021-03-16T09:56:25.355Z",902
"2021-03-16T14:40:41.409Z",893
"2021-03-16T17:15:48.438Z",1067
"2021-03-16T17:38:35.957Z",795
"2021-03-16T17:47:46.200Z",770
"2021-03-16T18:12:30.066Z",825
"2021-03-16T18:12:19.671Z",853
"2021-03-16T22:43:09.464Z",911
"2021-03-17T04:06:50.385Z",811
"2021-03-17T09:20:18.090Z",850
"2021-03-17T09:13:50.407Z",1235
"2021-03-17T09:45:55.532Z",866
"2021-03-17T10:25:21.087Z",916
"2021-03-17T11:06:59.211Z",914
"2021-03-17T11:13:45.371Z",770
"2021-03-17T16:34:56.578Z",1193
"2021-03-17T16:57:14.766Z",807
"2021-03-18T04:06:21.311Z",762
"2021-03-18T10:09:41.651Z",914
"2021-03-18T16:13:16.484Z",1082
"2021-03-18T18:33:10.774Z",1005
"2021-03-19T04:06:32.835Z",754
"2021-03-19T10:13:00.344Z",983
"2021-03-20T04:06:13.367Z",753
"2021-03-21T04:07:05.862Z",800
"2021-03-22T04:06:52.966Z",761
"2021-03-22T10:28:50.839Z",858
"2021-03-22T10:33:01.726Z",807
"2021-03-22T14:12:47.370Z",970
"2021-03-22T15:47:33.503Z",1085
"2021-03-22T19:12:26.643Z",948
"2021-03-23T04:06:41.531Z",769
"2021-03-23T10:15:54.807Z",958
"2021-03-23T10:35:33.894Z",857
"2021-03-23T13:53:06.911Z",1068
"2021-03-23T16:36:40.929Z",939
"2021-03-23T17:15:58.658Z",943
"2021-03-23T18:25:03.105Z",933
"2021-03-23T19:46:13.753Z",898
"2021-03-24T04:06:11.396Z",750
"2021-03-24T09:53:51.005Z",1017
"2021-03-24T10:14:51.684Z",962
"2021-03-24T10:57:56.712Z",932
"2021-03-24T13:38:16.820Z",926
"2021-03-24T15:10:14.654Z",939
"2021-03-24T17:48:07.439Z",965
"2021-03-24T18:19:49.664Z",798
"2021-03-24T19:20:38.561Z",1061
"2021-03-25T09:19:24.818Z",1046
"2021-03-25T12:45:12.117Z",998
"2021-03-25T14:04:42.492Z",855
"2021-03-25T14:08:32.820Z",846
"2021-03-25T14:09:52.807Z",827
"2021-03-25T14:10:47.057Z",837
"2021-03-25T15:24:00.872Z",1056
"2021-03-25T17:27:20.363Z",918
"2021-03-25T18:53:33.403Z",1079
"2021-03-26T09:48:16.382Z",1149
"2021-03-26T11:07:07.142Z",912
"2021-03-26T12:16:18.388Z",801
"2021-03-26T17:33:03.703Z",971
"2021-03-27T04:06:07.019Z",816
"2021-03-28T04:07:11.253Z",809
"2021-03-29T04:06:32.765Z",823
"2021-03-29T13:19:47.036Z",1098
"2021-03-29T16:23:45.552Z",976
"2021-03-30T04:06:37.146Z",814
"2021-03-30T08:26:40.899Z",942
"2021-03-30T09:32:44.708Z",1094
"2021-03-30T09:57:22.463Z",899
"2021-03-30T10:32:13.183Z",964
"2021-03-30T10:50:04.923Z",841
"2021-03-30T11:44:21.926Z",1007
"2021-03-30T13:03:12.434Z",957
"2021-03-30T13:26:31.960Z",814
"2021-03-30T13:47:44.458Z",814
"2021-03-30T15:39:41.501Z",1083
"2021-03-30T16:26:18.642Z",1005
"2021-03-31T04:06:17.673Z",763
"2021-03-31T10:48:44.142Z",996
"2021-03-31T10:59:30.128Z",786
"2021-03-31T11:07:46.048Z",767
"2021-03-31T12:30:51.532Z",947
"2021-03-31T12:56:09.213Z",843
"2021-03-31T15:05:21.758Z",992
"2021-03-31T15:35:21.132Z",856
"2021-03-31T15:41:07.730Z",759
"2021-03-31T16:44:06.513Z",922
"2021-03-31T17:07:58.911Z",800
"2021-04-01T04:08:50.047Z",773
"2021-04-01T11:13:11.678Z",931
"2021-04-01T12:22:46.923Z",953
"2021-04-01T13:39:38.651Z",928
"2021-04-01T15:18:37.415Z",916
"2021-04-01T16:52:06.308Z",923
"2021-04-01T18:24:01.046Z",1063
"2021-04-02T04:07:03.710Z",877
"2021-04-03T04:06:29.512Z",753
"2021-04-04T04:06:56.710Z",791
"2021-04-05T04:07:07.455Z",747
"2021-04-05T14:21:56.751Z",1056
"2021-04-05T14:43:33.734Z",860
"2021-04-05T21:12:44.477Z",1007
"2021-04-05T21:50:48.871Z",986
"2021-04-05T23:15:41.004Z",910
"2021-04-06T00:04:25.552Z",984
"2021-04-06T04:06:36.685Z",809
"2021-04-06T08:52:05.158Z",960
"2021-04-06T08:59:22.827Z",793
"2021-04-06T10:21:52.770Z",979
"2021-04-06T12:57:13.050Z",937
"2021-04-06T15:00:25.231Z",987
"2021-04-06T17:17:45.528Z",944
"2021-04-06T17:38:46.939Z",839
"2021-04-06T17:37:56.769Z",960
"2021-04-06T19:11:01.795Z",941
"2021-04-07T04:06:29.418Z",837
"2021-04-07T07:59:04.410Z",1082
"2021-04-07T09:54:01.939Z",893
"2021-04-07T09:54:10.738Z",865
"2021-04-07T09:59:38.124Z",812
"2021-04-07T10:06:13.697Z",766
"2021-04-07T10:12:05.214Z",757
"2021-04-07T10:57:00.272Z",962
"2021-04-07T12:45:51.996Z",1072
"2021-04-07T15:36:44.514Z",983
"2021-04-07T16:05:14.925Z",828
"2021-04-07T17:15:35.659Z",944
"2021-04-07T17:46:29.585Z",823
"2021-04-08T04:07:22.677Z",788
"2021-04-08T09:48:14.681Z",1102
"2021-04-08T12:10:07.478Z",934
"2021-04-08T13:54:45.074Z",986
"2021-04-08T14:46:38.732Z",980
"2021-04-08T16:21:02.585Z",940
"2021-04-08T17:10:02.297Z",1011
"2021-04-08T17:21:30.870Z",759
"2021-04-09T04:06:54.309Z",787
"2021-04-09T11:51:12.393Z",916
"2021-04-09T12:21:31.390Z",860
"2021-04-09T16:35:33.081Z",1068
"2021-04-10T04:06:11.379Z",828
"2021-04-11T04:07:09.593Z",856
"2021-04-12T04:06:29.373Z",794
"2021-04-12T10:22:57.631Z",986
"2021-04-12T13:48:16.421Z",950
"2021-04-12T14:43:48.944Z",1004
"2021-04-12T15:03:23.061Z",928
"2021-04-12T15:56:25.259Z",956
"2021-04-13T04:06:40.751Z",794
"2021-04-13T07:56:35.409Z",1035
"2021-04-13T11:00:56.732Z",1007
"2021-04-13T14:38:49.760Z",982
"2021-04-13T15:50:31.875Z",874
"2021-04-13T17:38:11.282Z",1028
"2021-04-13T17:45:15.975Z",863
"2021-04-14T04:06:31.752Z",804
"2021-04-14T10:51:40.164Z",1067
"2021-04-14T11:47:38.966Z",939
"2021-04-14T13:42:31.970Z",1089
"2021-04-14T15:04:04.049Z",1050
"2021-04-14T15:01:38.148Z",1096
"2021-04-14T17:01:20.006Z",993
"2021-04-14T18:17:22.174Z",969
"2021-04-15T04:06:49.643Z",834
"2021-04-15T08:29:05.415Z",1169
"2021-04-15T14:07:20.661Z",908
"2021-04-15T14:55:13.304Z",1013
"2021-04-15T16:06:39.766Z",1307
"2021-04-16T04:06:21.910Z",935
"2021-04-16T15:24:29.253Z",1126
"2021-04-17T04:06:12.124Z",927
"2021-04-18T04:06:59.001Z",925
"2021-04-19T04:06:24.066Z",909
"2021-04-19T14:04:27.439Z",1194
"2021-04-19T14:32:32.762Z",1092
"2021-04-19T15:55:27.677Z",1153
"2021-04-19T16:17:20.019Z",1050
"2021-04-19T16:52:22.818Z",1168
"2021-04-20T04:06:23.818Z",970
"2021-04-20T08:42:10.974Z",1159
"2021-04-20T09:45:28.082Z",1137
"2021-04-20T09:55:13.850Z",999
"2021-04-20T10:31:01.337Z",1044
"2021-04-20T10:43:44.484Z",1017
"2021-04-20T11:19:46.284Z",1180
"2021-04-20T13:29:18.638Z",1465
"2021-04-20T14:15:38.802Z",1177
"2021-04-20T15:50:29.298Z",1223
"2021-04-20T16:09:11.830Z",1087
"2021-04-21T04:06:27.186Z",896
"2021-04-21T09:25:37.308Z",1388
"2021-04-21T14:06:13.889Z",1183
"2021-04-21T15:31:56.590Z",1315
"2021-04-21T16:28:57.488Z",1235
"2021-04-22T04:06:20.274Z",1001
"2021-04-22T10:02:42.613Z",1254
"2021-04-22T11:04:17.304Z",1163
"2021-04-22T13:08:13.583Z",1235
"2021-04-22T14:26:01.074Z",1257
"2021-04-22T15:07:41.916Z",1184
"2021-04-22T15:25:39.150Z",1154
"2021-04-22T15:55:14.791Z",1089
"2021-04-22T16:24:27.805Z",1092
"2021-04-23T04:06:42.341Z",910
"2021-04-23T10:47:04.407Z",1160
"2021-04-23T08:34:19.851Z",1391
"2021-04-23T13:15:28.029Z",1229
"2021-04-24T04:06:30.158Z",911
"2021-04-25T04:06:40.799Z",909
"2021-04-26T04:06:20.521Z",995
"2021-04-26T09:49:15.199Z",1296
"2021-04-26T14:46:54.483Z",1272
"2021-04-26T15:51:08.700Z",1212
"2021-04-26T16:51:23.290Z",1312
"2021-04-27T13:24:41.596Z",1116
"2021-04-27T16:13:43.325Z",1218
"2021-04-28T04:08:47.101Z",892
"2021-04-28T09:04:36.760Z",1178
"2021-04-28T09:11:14.774Z",1087
"2021-04-28T11:49:09.763Z",1162
"2021-04-28T15:26:08.945Z",1318
"2021-04-28T16:51:12.741Z",1186
"2021-04-28T18:36:12.078Z",1174
"2021-04-29T04:06:48.880Z",918
"2021-04-29T10:10:26.311Z",1215
"2021-04-29T12:02:01.462Z",1179
"2021-04-29T15:28:43.328Z",1180
"2021-04-29T15:41:26.621Z",993
"2021-04-30T04:06:38.393Z",988
"2021-04-30T16:03:42.894Z",1182
"2021-04-30T16:41:43.057Z",1204
"2021-05-01T04:08:25.332Z",950
"2021-05-02T04:06:56.933Z",949
"2021-05-03T04:06:30.162Z",926
"2021-05-03T08:08:52.596Z",1210
"2021-05-03T10:26:05.425Z",1233
"2021-05-03T10:45:35.552Z",1104
"2021-05-03T11:34:39.357Z",1165
"2021-05-03T13:57:22.388Z",1197
"2021-05-03T13:59:20.295Z",1128
"2021-05-03T18:02:40.577Z",1200
"2021-05-04T04:07:09.394Z",1022
"2021-05-04T11:51:32.798Z",1177
"2021-05-04T13:29:49.421Z",1213
"2021-05-04T13:59:29.411Z",1155
"2021-05-04T14:05:24.618Z",1054
"2021-05-04T15:10:30.990Z",1417
"2021-05-05T04:07:11.971Z",919
"2021-05-05T08:17:11.830Z",1348
"2021-05-05T09:42:54.569Z",1277
"2021-05-05T10:33:42.955Z",1195
"2021-05-05T11:08:46.056Z",1328
"2021-05-05T14:24:24.531Z",1168
"2021-05-05T17:43:06.896Z",1182
"2021-05-06T04:07:05.637Z",954
"2021-05-06T08:49:32.073Z",1355
"2021-05-06T09:20:33.709Z",1084
"2021-05-06T12:00:53.463Z",1109
"2021-05-06T14:35:31.179Z",1456
"2021-05-06T15:14:55.728Z",1280
"2021-05-06T15:35:09.936Z",1099
"2021-05-06T15:58:18.593Z",1075
"2021-05-06T17:15:00.605Z",1335
"2021-05-06T18:50:47.601Z",1169
"2021-05-07T04:06:32.947Z",920
"2021-05-07T08:37:35.509Z",1329
"2021-05-07T09:13:06.475Z",1094
"2021-05-07T09:43:02.331Z",1079
"2021-05-07T09:47:56.622Z",1069
"2021-05-07T09:55:32.706Z",990
"2021-05-07T14:09:31.838Z",1273
"2021-05-07T15:12:58.617Z",1196
"2021-05-07T15:19:39.873Z",1093
"2021-05-08T04:06:34.931Z",926
"2021-05-09T04:06:43.048Z",906
"2021-05-10T04:06:41.997Z",926
"2021-05-10T09:06:48.777Z",1387
"2021-05-10T10:22:15.851Z",1243
"2021-05-10T14:54:15.224Z",1255
"2021-05-10T15:56:02.870Z",1189
"2021-05-10T17:27:59.817Z",1341
"2021-05-11T04:07:03.447Z",934
"2021-05-11T11:02:39.817Z",1260
"2021-05-11T14:05:49.601Z",1206
"2021-05-12T04:07:19.816Z",907
"2021-05-12T09:37:41.031Z",1258
"2021-05-12T10:28:05.381Z",1172
"2021-05-12T11:19:51.275Z",1199
"2021-05-12T13:24:00.264Z",1401
"2021-05-12T14:20:00.105Z",1309
"2021-05-12T16:02:55.305Z",743
"2021-05-13T04:06:49.233Z",955
"2021-05-13T09:54:17.560Z",1333
"2021-05-13T10:24:15.886Z",1078
"2021-05-13T11:22:19.021Z",1238
"2021-05-13T11:23:38.849Z",1103
"2021-05-13T15:04:49.399Z",1331
"2021-05-14T04:06:51.657Z",907
"2021-05-14T09:49:06.634Z",1209
"2021-05-14T10:10:42.597Z",1123
"2021-05-14T10:44:41.783Z",1238
"2021-05-14T10:45:24.734Z",1142
"2021-05-14T11:14:46.166Z",1125
"2021-05-14T13:38:49.391Z",1316
"2021-05-14T13:50:11.805Z",1026
"2021-05-14T14:24:44.298Z",1252
"2021-05-14T15:08:00.424Z",1276
"2021-05-14T18:00:47.814Z",1190
"2021-05-15T04:06:29.940Z",903
"2021-05-16T04:07:15.140Z",918
"2021-05-17T04:06:56.286Z",923
"2021-05-17T09:06:52.817Z",1069
"2021-05-17T12:09:35.303Z",1363
"2021-05-17T13:04:06.584Z",1264
"2021-05-17T15:47:40.142Z",1194
"2021-05-17T16:00:18.391Z",1005
"2021-05-17T17:37:16.557Z",1201
"2021-05-18T04:06:28.826Z",928
"2021-05-18T09:10:37.343Z",1257
"2021-05-18T10:03:06.259Z",1223
"2021-05-18T11:36:45.100Z",1233
"2021-05-18T14:22:16.027Z",1177
"2021-05-18T14:27:37.591Z",1019
"2021-05-18T15:44:39.309Z",1308
"2021-05-18T16:00:40.072Z",1231
"2021-05-18T16:40:20.037Z",1231
"2021-05-18T17:01:48.927Z",1071
"2021-05-18T17:02:36.862Z",1132
"2021-05-19T04:06:43.615Z",917
"2021-05-19T08:52:54.368Z",1179
"2021-05-19T10:27:16.180Z",1337
"2021-05-19T11:45:59.447Z",1249
"2021-05-19T14:27:23.493Z",1261
"2021-05-19T14:55:45.371Z",1057
"2021-05-19T17:16:42.188Z",1597
"2021-05-19T22:01:19.745Z",1303
"2021-05-20T04:06:53.116Z",920
"2021-05-20T09:34:54.688Z",1123
"2021-05-20T09:53:08.708Z",1048
"2021-05-20T10:40:43.793Z",1108
"2021-05-20T10:55:41.988Z",1067
"2021-05-20T14:55:05.298Z",1187
"2021-05-20T14:56:35.421Z",1149
"2021-05-20T15:59:07.223Z",1174
"2021-05-20T17:41:08.146Z",1113
"2021-05-20T18:12:32.773Z",1054
"2021-05-21T04:06:47.584Z",996
"2021-05-21T16:04:56.327Z",1237
"2021-05-21T17:50:28.102Z",1163
"2021-05-22T04:06:27.274Z",920
"2021-05-23T04:07:04.911Z",927
"2021-05-24T04:06:30.864Z",941
"2021-05-24T15:26:18.678Z",1184
"2021-05-24T16:39:00.440Z",1226
"2021-05-25T04:06:20.649Z",949
"2021-05-25T13:51:49.186Z",1259
"2021-05-25T15:01:48.325Z",1183
"2021-05-25T15:12:40.860Z",1020
"2021-05-26T04:06:26.783Z",1005
"2021-05-26T09:15:28.786Z",1201
"2021-05-26T09:53:23.121Z",1297
"2021-05-26T09:53:40.070Z",1215
"2021-05-26T10:07:16.515Z",1015
"2021-05-26T10:29:16.382Z",1074
"2021-05-26T10:55:02.510Z",1100
"2021-05-26T11:11:09.649Z",1097
"2021-05-26T13:29:14.525Z",1425
"2021-05-26T15:59:13.072Z",1216
"2021-05-27T04:06:20.390Z",934
"2021-05-27T09:49:26.739Z",1280
"2021-05-27T10:08:37.190Z",1155
"2021-05-27T11:01:09.076Z",1263
"2021-05-27T15:50:55.645Z",1341
"2021-05-27T16:39:09.490Z",1233
"2021-05-28T04:06:47.436Z",898
"2021-05-28T08:50:24.033Z",1418
"2021-05-28T11:27:49.385Z",1198
"2021-05-28T12:01:31.583Z",1256
"2021-05-28T17:37:23.656Z",1368
"2021-05-29T04:06:28.639Z",934
"2021-05-30T04:06:47.874Z",908
"2021-05-31T04:06:28.749Z",922
"2021-05-31T09:14:10.529Z",1245
"2021-05-31T09:38:45.152Z",1118
"2021-05-31T10:06:02.573Z",1130
"2021-05-31T22:41:11.024Z",1188
"2021-06-01T01:01:50.987Z",1184
"2021-06-01T13:35:34.925Z",1140
"2021-06-01T17:07:15.814Z",1376
"2021-06-01T17:31:48.607Z",1096
"2021-06-02T09:31:34.639Z",1152
"2021-06-02T09:32:04.277Z",1175
"2021-06-02T09:36:42.865Z",1319
"2021-06-02T09:52:56.288Z",1143
"2021-06-02T10:08:12.817Z",1212
"2021-06-02T12:22:19.163Z",1455
"2021-06-04T09:39:40.219Z",1215
"2021-06-04T10:50:50.632Z",1398
"2021-06-04T12:45:05.020Z",1343
"2021-06-04T14:21:31.746Z",1212
"2021-06-06T10:55:28.060Z",1374
"2021-06-07T00:04:34.985Z",1353
"2021-06-07T04:06:27.376Z",970
"2021-06-07T08:59:59.202Z",1394
"2021-06-07T09:03:58.262Z",1082
"2021-06-07T13:49:59.353Z",1271
"2021-06-07T14:27:07.355Z",1085
"2021-06-07T14:48:02.389Z",1118
"2021-06-07T16:59:08.077Z",1227
"2021-06-08T04:06:43.108Z",1011
"2021-06-08T11:39:32.422Z",1136
"2021-06-08T13:46:49.706Z",1244
"2021-06-08T14:13:47.907Z",1074
"2021-06-09T04:06:26.013Z",990
"2021-06-09T09:43:54.081Z",1239
"2021-06-09T13:37:15.842Z",1379
"2021-06-09T14:10:44.650Z",1205
"2021-06-09T14:40:40.189Z",1064
"2021-06-09T15:13:13.305Z",1172
"2021-06-09T15:32:55.132Z",1211
"2021-06-10T04:06:39.873Z",946
"2021-06-11T09:44:30.597Z",1368
"2021-06-11T10:07:07.111Z",1095
"2021-06-11T12:09:01.023Z",1209
"2021-06-11T13:22:22.186Z",1379
"2021-06-11T14:44:06.817Z",1249
"2021-06-12T04:06:17.758Z",956
"2021-06-13T04:06:47.546Z",988
"2021-06-14T04:08:16.898Z",973
"2021-06-14T12:15:27.427Z",1209
"2021-06-14T17:48:05.908Z",1203
"2021-06-15T04:07:02.452Z",922
"2021-06-15T10:07:47.217Z",1235
"2021-06-15T10:10:37.764Z",1215
"2021-06-15T14:22:13.685Z",1207
"2021-06-15T15:19:25.856Z",1208
"2021-06-16T00:08:55.223Z",1169
"2021-06-16T04:06:34.240Z",964
"2021-06-16T08:36:53.977Z",1371
"2021-06-16T11:18:37.581Z",1270
"2021-06-16T12:16:44.167Z",1233
"2021-06-16T13:44:33.817Z",1411
"2021-06-16T14:21:58.397Z",1231
"2021-06-16T15:46:06.448Z",1222
"2021-06-17T04:06:42.067Z",956
"2021-06-17T08:43:27.474Z",1364
"2021-06-17T11:23:02.555Z",1437
"2021-06-17T11:48:28.689Z",1086
"2021-06-17T13:38:31.491Z",1238
"2021-06-17T17:11:17.536Z",1247
"2021-06-18T04:06:22.000Z",922
"2021-06-18T08:51:15.005Z",1274
"2021-06-18T08:51:37.781Z",1121
"2021-06-18T08:53:12.357Z",1230
"2021-06-18T10:22:16.692Z",1181
"2021-06-18T10:46:25.435Z",1098
"2021-06-18T10:49:09.659Z",1137
"2021-06-18T17:25:43.069Z",1236
"2021-06-18T18:46:07.862Z",1360
"2021-06-19T04:06:33.876Z",1003
"2021-06-20T04:07:05.351Z",939
"2021-06-21T04:06:19.714Z",937
"2021-06-21T08:45:37.468Z",1425
"2021-06-21T15:41:05.715Z",
"2021-06-21T16:34:17.005Z",1095
"2021-06-21T16:38:39.378Z",1140
"2021-06-21T17:05:06.435Z",1103
"2021-06-22T04:06:56.263Z",920
"2021-06-22T09:36:16.185Z",1282
"2021-06-22T11:11:02.254Z",1268
"2021-06-22T11:45:15.765Z",1093
"2021-06-22T12:01:10.659Z",1083
"2021-06-22T13:02:24.660Z",1244
"2021-06-22T13:33:07.840Z",1134
"2021-06-22T16:01:51.063Z",1280
"2021-06-22T22:15:48.282Z",1224
"2021-06-23T10:45:45.289Z",1402
"2021-06-23T12:10:13.265Z",1241
"2021-06-23T13:31:27.544Z",1408
"2021-06-23T14:45:01.737Z",1141
"2021-06-23T15:20:42.120Z",1183
"2021-06-24T00:43:46.016Z",945
"2021-06-24T04:06:31.488Z",960
"2021-06-24T13:11:55.057Z",1251
"2021-06-25T04:06:18.161Z",945
"2021-06-26T04:05:45.245Z",948
"2021-06-27T04:06:43.984Z",985
"2021-06-28T04:05:49.461Z",929
"2021-06-28T11:16:51.125Z",1184
"2021-06-28T11:50:20.360Z",1218
"2021-06-28T15:21:17.741Z",1144
"2021-06-28T15:54:28.601Z",1225
"2021-06-28T17:08:57.367Z",1189
"2021-06-29T04:06:09.122Z",1016
"2021-06-29T08:28:47.269Z",1406
"2021-06-29T09:07:00.292Z",1221
"2021-06-29T09:08:26.344Z",1105
"2021-06-29T09:52:02.519Z",1260
"2021-06-29T14:41:26.725Z",1158
"2021-06-29T16:19:59.866Z",1357
"2021-06-29T17:12:49.708Z",1146
"2021-06-29T17:59:41.676Z",1274
"2021-06-29T18:19:17.635Z",1135
"2021-06-29T18:25:09.223Z",1140
"2021-06-30T00:02:42.270Z",1333
"2021-06-30T04:05:18.521Z",923
"2021-06-30T09:05:29.024Z",1442
"2021-06-30T09:40:25.342Z",1110
"2021-06-30T09:55:23.278Z",1050
"2021-06-30T11:55:35.927Z",1241
"2021-06-30T14:21:44.745Z",1215
"2021-06-30T15:20:45.339Z",1077
"2021-06-30T17:20:25.255Z",1141
"2021-07-01T04:08:41.906Z",934
"2021-07-01T10:07:28.558Z",1300
"2021-07-01T10:46:29.831Z",1299
"2021-07-01T11:55:30.612Z",1223
"2021-07-01T13:47:34.972Z",1277
"2021-07-01T14:27:00.692Z",1127
"2021-07-01T14:50:30.751Z",1150
"2021-07-01T15:13:40.992Z",1221
"2021-07-01T15:20:16.614Z",1142
"2021-07-01T17:07:44.674Z",1225
"2021-07-01T17:43:49.423Z",1224
"2021-07-02T04:05:18.216Z",990
"2021-07-02T08:40:41.835Z",1375
"2021-07-02T10:42:08.869Z",1254
"2021-07-02T12:55:40.823Z",1305
"2021-07-02T12:59:39.223Z",1159
"2021-07-02T14:50:21.001Z",1213
"2021-07-02T15:58:39.327Z",1365
"2021-07-02T17:17:42.404Z",1240
"2021-07-03T04:05:17.216Z",951
"2021-07-04T04:05:50.385Z",928
"2021-07-05T04:05:23.247Z",962
"2021-07-05T10:55:33.487Z",1416
"2021-07-05T13:38:58.296Z",1264
"2021-07-05T15:51:58.575Z",1217
"2021-07-05T15:52:17.531Z",1178
"2021-07-05T16:41:34.054Z",1262
"2021-07-06T04:05:19.375Z",1012
"2021-07-06T09:37:06.121Z",1204
"2021-07-06T10:41:12.081Z",1175
"2021-07-06T11:24:55.842Z",1227
"2021-07-06T12:55:46.664Z",1237
"2021-07-06T14:06:09.332Z",1113
"2021-07-06T15:32:36.762Z",1231
"2021-07-06T15:46:54.976Z",1038
"2021-07-06T17:29:59.012Z",1226
"2021-07-07T04:05:16.729Z",949
"2021-07-07T08:13:18.436Z",1440
"2021-07-07T09:34:29.415Z",1280
"2021-07-07T09:43:53.625Z",1212
"2021-07-07T11:27:48.194Z",1208
"2021-07-07T13:32:06.693Z",1416
"2021-07-07T14:32:34.105Z",1213
"2021-07-07T15:11:59.093Z",1204
"2021-07-07T15:55:08.925Z",1207
"2021-07-07T16:03:31.477Z",1030
"2021-07-07T17:33:48.250Z",1230
"2021-07-08T04:05:16.766Z",1001
"2021-07-08T09:14:01.848Z",1261
"2021-07-08T09:21:04.923Z",1086
"2021-07-08T10:04:36.026Z",1298
"2021-07-08T10:07:44.782Z",1143
"2021-07-08T10:49:44.665Z",1224
"2021-07-08T13:07:10.265Z",1437
"2021-07-08T13:21:09.563Z",1154
"2021-07-08T15:47:32.721Z",1431
"2021-07-08T15:52:48.191Z",1230
"2021-07-09T04:05:20.723Z",991
"2021-07-09T10:43:07.375Z",1282
"2021-07-09T11:39:12.981Z",1217
"2021-07-09T13:31:08.397Z",1276
"2021-07-09T14:46:43.537Z",1270
"2021-07-10T04:05:14.184Z",952
"2021-07-11T04:05:20.186Z",1027
"2021-07-12T04:05:16.947Z",1039
"2021-07-12T08:32:15.115Z",1377
"2021-07-12T08:47:02.604Z",1113
"2021-07-12T08:48:19.178Z",1118
"2021-07-12T09:13:57.917Z",1129
"2021-07-13T04:05:19.651Z",1063
"2021-07-13T08:57:02.595Z",1244
"2021-07-13T09:34:29.056Z",1260
"2021-07-13T11:31:39.316Z",1224
"2021-07-13T13:02:39.582Z",1403
"2021-07-13T14:39:18.628Z",1310
"2021-07-13T14:51:36.371Z",1029
"2021-07-14T04:05:15.489Z",931
"2021-07-14T09:27:40.742Z",1227
"2021-07-14T11:11:35.658Z",1312
"2021-07-14T11:13:28.173Z",1147
"2021-07-14T11:44:18.332Z",1109
"2021-07-14T15:12:40.409Z",1232
"2021-07-15T04:02:37.623Z",947
"2021-07-15T08:53:06.214Z",1226
"2021-07-15T17:04:06.102Z",1366
"2021-07-15T18:28:51.749Z",1245
"2021-07-16T04:02:20.819Z",946
"2021-07-16T13:24:35.351Z",1374
"2021-07-16T13:29:17.903Z",1168
"2021-07-16T15:01:17.487Z",1409
"2021-07-16T16:02:36.409Z",1248
"2021-07-16T21:10:44.298Z",1217
"2021-07-17T04:02:26.067Z",979
"2021-07-18T04:02:51.718Z",972
"2021-07-19T04:02:36.442Z",920
"2021-07-19T08:13:18.894Z",1371
"2021-07-19T09:49:34.153Z",1192
"2021-07-19T10:12:57.602Z",1076
"2021-07-19T11:33:42.929Z",1240
"2021-07-19T17:15:08.449Z",1229
"2021-07-20T04:03:20.288Z",1018
"2021-07-20T09:32:06.407Z",1313
"2021-07-20T10:34:50.995Z",1326
"2021-07-20T16:46:20.471Z",1223
"2021-07-21T04:02:41.108Z",938
"2021-07-21T10:03:30.792Z",1159
"2021-07-21T10:03:47.661Z",1141
"2021-07-21T13:35:01.407Z",1261
"2021-07-21T16:26:43.533Z",1269
"2021-07-21T17:54:51.343Z",1196
"2021-07-22T04:02:52.106Z",1024
"2021-07-22T08:49:53.532Z",1387
"2021-07-22T10:56:45.880Z",1232
"2021-07-22T11:17:30.184Z",1090
"2021-07-22T11:19:59.336Z",1248
"2021-07-22T11:36:41.640Z",1086
"2021-07-22T11:58:06.378Z",1089
"2021-07-22T17:38:38.676Z",1358
"2021-07-23T04:02:24.305Z",959
"2021-07-23T08:52:12.163Z",1136
"2021-07-23T09:00:23.286Z",1203
"2021-07-23T11:55:26.384Z",1116
"2021-07-23T14:35:55.006Z",1171
"2021-07-23T14:56:44.589Z",1107
"2021-07-24T04:02:43.396Z",946
"2021-07-25T04:03:15.350Z",951
"2021-07-26T04:02:54.513Z",968
"2021-07-26T08:40:34.783Z",1433
"2021-07-26T09:01:23.206Z",1103
"2021-07-26T09:44:45.178Z",1217
"2021-07-27T04:02:23.858Z",1019
"2021-07-28T04:04:07.243Z",955
"2021-07-28T10:28:46.151Z",1345
"2021-07-28T11:04:28.634Z",1219
"2021-07-28T16:39:35.250Z",1443
"2021-07-28T17:12:43.733Z",1168
"2021-07-29T04:03:07.355Z",1022
"2021-07-29T08:36:04.696Z",1313
"2021-07-29T08:36:52.853Z",1229
"2021-07-29T08:51:39.155Z",1031
"2021-07-29T09:06:15.191Z",1113
"2021-07-29T09:34:51.089Z",1118
"2021-07-29T10:53:13.468Z",1190
"2021-07-29T15:21:15.773Z",1273
"2021-07-30T04:02:36.766Z",1059
"2021-07-30T10:18:51.728Z",1436
"2021-07-30T10:28:29.486Z",1076
"2021-07-30T11:45:28.566Z",1287
"2021-07-30T11:50:30.353Z",1235
"2021-07-30T13:20:17.082Z",1390
"2021-07-30T15:14:34.197Z",1249
"2021-07-30T15:59:49.521Z",1214
"2021-07-30T16:44:34.904Z",1242
"2021-07-30T17:45:16.534Z",1292
"2021-07-31T04:02:31.890Z",932
"2021-08-01T04:07:13.539Z",977
"2021-08-01T04:07:14.185Z",869
"2021-08-02T04:02:52.995Z",1016
"2021-08-02T08:07:44.554Z",1462
"2021-08-02T09:20:39.198Z",1300
"2021-08-02T14:57:46.118Z",1257
"2021-08-02T14:59:07.226Z",1279
"2021-08-02T15:27:27.221Z",1116
"2021-08-02T15:31:04.867Z",1104
"2021-08-02T17:19:25.319Z",1223
"2021-08-03T04:02:58.404Z",1015
"2021-08-03T09:49:52.732Z",1304
"2021-08-03T09:50:16.512Z",1192
"2021-08-03T10:13:07.593Z",1159
"2021-08-03T13:02:19.853Z",1501
"2021-08-03T13:38:21.213Z",1204
"2021-08-03T13:51:35.950Z",1047
"2021-08-03T15:02:39.868Z",1279
"2021-08-04T04:02:41.822Z",1139
"2021-08-04T13:49:00.603Z",1377
"2021-08-04T15:00:55.672Z",1357
"2021-08-04T16:41:04.756Z",1342
"2021-08-04T21:44:45.833Z",1483
"2021-08-05T04:02:29.022Z",1034
"2021-08-05T08:36:03.897Z",1493
"2021-08-05T11:05:44.752Z",1324
"2021-08-05T11:18:14.034Z",1109
"2021-08-05T11:30:33.736Z",1073
"2021-08-05T13:00:59.368Z",1313
"2021-08-05T13:48:14.057Z",1330
"2021-08-05T18:25:43.787Z",1365
"2021-08-06T04:02:29.378Z",1107
"2021-08-06T09:08:58.029Z",1441
"2021-08-06T10:18:40.531Z",1436
"2021-08-06T14:11:00.196Z",1370
"2021-08-07T04:02:14.634Z",1049
"2021-08-08T04:03:24.307Z",1037
"2021-08-09T04:02:33.673Z",1043
"2021-08-09T09:12:05.790Z",1409
"2021-08-09T12:15:37.845Z",1369
"2021-08-09T15:07:40.020Z",1320
"2021-08-09T18:33:40.068Z",1325
"2021-08-10T04:02:16.835Z",1052
"2021-08-10T09:42:35.495Z",1412
"2021-08-10T10:16:00.597Z",1095
"2021-08-10T11:29:46.273Z",1538
"2021-08-10T13:23:05.909Z",1261
"2021-08-10T16:00:13.765Z",1519
"2021-08-10T17:15:00.122Z",1356
"2021-08-11T04:02:25.107Z",1012
"2021-08-11T11:28:53.700Z",1370
"2021-08-11T14:24:57.447Z",1346
"2021-08-11T15:14:40.893Z",1301
"2021-08-11T15:53:24.797Z",1367
"2021-08-12T04:03:34.344Z",1072
"2021-08-12T08:48:03.532Z",1502
"2021-08-12T11:16:32.350Z",1346
"2021-08-12T12:35:34.194Z",1339
"2021-08-12T15:44:37.575Z",1289
"2021-08-12T18:15:51.895Z",1405
"2021-08-13T04:03:03.525Z",1096
"2021-08-13T14:16:19.769Z",1331
"2021-08-13T16:18:59.411Z",1511
"2021-08-13T16:41:34.677Z",1200
"2021-08-13T18:46:44.593Z",1310
"2021-08-14T04:02:40.168Z",1043
"2021-08-15T04:03:15.728Z",1027
"2021-08-16T04:02:52.920Z",1060
"2021-08-16T14:27:16.281Z",1329
"2021-08-16T15:26:56.956Z",1261
"2021-08-17T04:02:41.782Z",1116
"2021-08-17T14:11:21.728Z",1490
"2021-08-18T04:02:36.978Z",1020
"2021-08-18T08:31:02.077Z",1649
"2021-08-18T10:42:05.191Z",1320
"2021-08-18T11:02:46.903Z",1250
"2021-08-18T11:47:04.352Z",1201
"2021-08-18T12:19:53.780Z",1348
"2021-08-18T14:37:17.012Z",1363
"2021-08-18T16:25:18.804Z",1296
"2021-08-18T18:48:38.131Z",1534
"2021-08-19T04:03:21.496Z",1175
"2021-08-19T11:44:03.258Z",1260
"2021-08-19T14:03:31.898Z",1321
"2021-08-19T14:18:34.787Z",1126
"2021-08-20T04:02:31.933Z",1048
"2021-08-20T08:44:05.258Z",1216
"2021-08-20T09:44:31.570Z",1331
"2021-08-20T11:02:37.884Z",1311
"2021-08-20T11:20:29.935Z",1175
"2021-08-20T13:11:34.194Z",1475
"2021-08-21T04:02:20.586Z",1116
"2021-08-22T04:03:34.013Z",1023
"2021-08-23T04:02:16.683Z",1014
"2021-08-23T09:18:04.246Z",1386
"2021-08-23T09:19:51.242Z",1297
"2021-08-23T09:20:06.122Z",1288
"2021-08-23T09:20:39.775Z",1312
"2021-08-23T12:31:29.758Z",1347
"2021-08-23T14:53:13.873Z",1434
"2021-08-23T15:03:58.390Z",1120
"2021-08-23T18:06:15.581Z",1360
"2021-08-24T04:03:13.461Z",1074
"2021-08-24T16:04:29.083Z",1525
"2021-08-25T04:02:23.167Z",1092
"2021-08-25T08:08:32.804Z",1574
"2021-08-25T10:48:16.202Z",1367
"2021-08-25T11:29:57.956Z",1365
"2021-08-25T13:25:09.219Z",1463
"2021-08-25T14:00:39.738Z",1478
"2021-08-25T14:08:21.049Z",1213
"2021-08-25T16:14:21.390Z",1338
"2021-08-25T16:34:22.247Z",1271
"2021-08-26T04:02:13.640Z",1136
"2021-08-26T09:35:50.402Z",1274
"2021-08-26T10:06:44.403Z",1174
"2021-08-26T10:07:09.154Z",1367
"2021-08-26T11:47:53.936Z",1350
"2021-08-26T14:59:12.069Z",1414
"2021-08-26T17:12:03.122Z",1328
"2021-08-26T17:49:57.758Z",1324
"2021-08-27T04:07:22.143Z",1071
"2021-08-27T08:25:27.998Z",1606
"2021-08-27T09:03:52.610Z",1468
"2021-08-27T09:12:36.535Z",1235
"2021-08-27T10:28:51.582Z",1554
"2021-08-27T10:32:08.748Z",1387
"2021-08-27T13:53:47.490Z",1430
"2021-08-27T14:35:51.659Z",1375
"2021-08-27T17:13:44.353Z",1484
"2021-08-27T17:37:40.478Z",1196
"2021-08-28T04:02:29.427Z",1065
"2021-08-29T04:03:09.319Z",1076
"2021-08-30T04:02:55.766Z",1076
"2021-08-30T09:10:59.120Z",1417
"2021-08-30T10:36:08.913Z",1389
"2021-08-30T11:23:37.680Z",1549
"2021-08-30T12:57:25.156Z",1639
"2021-08-30T13:53:21.285Z",1397
"2021-08-30T14:53:14.470Z",1365
"2021-08-30T14:57:46.182Z",1230
"2021-08-30T16:04:11.380Z",1511
"2021-08-31T04:03:15.377Z",984
"2021-08-31T09:37:08.601Z",1319
"2021-08-31T09:56:56.304Z",1128
"2021-08-31T10:13:10.986Z",1136
"2021-08-31T10:17:25.505Z",1158
"2021-08-31T10:46:39.804Z",1243
"2021-08-31T13:40:30.437Z",1261
"2021-08-31T13:41:06.311Z",1357
"2021-08-31T14:32:06.124Z",1386
"2021-08-31T15:39:22.016Z",1497
"2021-08-31T16:34:51.466Z",1199
"2021-08-31T16:38:03.567Z",1237
"2021-08-31T16:39:28.942Z",1180
"2021-09-01T04:06:31.647Z",1051
"2021-09-01T04:06:34.559Z",938
"2021-09-01T08:24:01.827Z",1304
"2021-09-01T09:42:37.572Z",1255
"2021-09-01T10:09:24.464Z",1261
"2021-09-01T10:45:42.672Z",1326
"2021-09-01T11:12:21.316Z",1214
"2021-09-01T11:34:32.965Z",1213
"2021-09-01T11:57:58.465Z",1338
"2021-09-01T13:07:30.729Z",1276
"2021-09-01T13:07:45.350Z",1202
"2021-09-01T13:10:28.676Z",1130
"2021-09-01T13:10:54.452Z",1160
"2021-09-01T15:22:08.781Z",1284
"2021-09-01T16:16:50.174Z",1453
"2021-09-01T17:04:29.190Z",1306
"2021-09-01T17:05:22.657Z",1138
"2021-09-02T04:02:51.443Z",1066
"2021-09-02T08:21:58.470Z",1328
"2021-09-02T09:00:48.687Z",1316
"2021-09-02T09:39:52.851Z",1267
"2021-09-02T09:58:59.877Z",1119
"2021-09-02T10:30:50.049Z",1166
"2021-09-02T10:31:09.632Z",1144
"2021-09-02T11:26:57.599Z",1322
"2021-09-02T13:19:29.833Z",1275
"2021-09-02T13:44:43.822Z",1249
"2021-09-02T14:15:14.380Z",1141
"2021-09-02T16:55:19.645Z",1374
"2021-09-02T17:11:09.189Z",1132
"2021-09-03T04:02:26.634Z",978
"2021-09-03T08:27:54.814Z",1241
"2021-09-03T08:57:12.476Z",1180
"2021-09-03T10:18:34.793Z",1305
"2021-09-03T10:47:07.768Z",1160
"2021-09-03T13:19:21.306Z",1461
"2021-09-03T13:46:28.634Z",1253
"2021-09-03T14:00:37.947Z",1204
"2021-09-03T14:15:58.184Z",1132
"2021-09-03T14:49:47.924Z",1408
"2021-09-03T15:03:32.566Z",1171
"2021-09-03T15:25:47.072Z",1197
"2021-09-03T16:02:12.246Z",1349
"2021-09-04T04:02:10.005Z",1006
"2021-09-05T04:04:14.288Z",1074
"2021-09-06T04:02:23.852Z",1061
"2021-09-06T09:22:24.637Z",1348
"2021-09-06T10:01:20.271Z",1361
"2021-09-06T10:57:28.119Z",1449
"2021-09-06T11:02:40.626Z",1174
"2021-09-06T12:00:22.682Z",1376
"2021-09-06T15:50:12.636Z",1374
"2021-09-06T17:31:34.079Z",1291
"2021-09-07T04:03:19.772Z",1072
"2021-09-07T06:45:48.985Z",1279
"2021-09-07T12:04:55.848Z",1390
"2021-09-07T12:06:27.507Z",1298
"2021-09-07T13:31:20.147Z",1388
"2021-09-07T16:38:33.485Z",1273
"2021-09-07T17:29:33.048Z",1555
"2021-09-08T04:02:19.262Z",1015
"2021-09-08T09:42:42.992Z",1402
"2021-09-08T09:57:49.309Z",1123
"2021-09-08T12:38:21.421Z",1312
"2021-09-08T14:24:37.674Z",1291
"2021-09-08T14:34:07.069Z",1073
"2021-09-08T15:32:59.832Z",1256
"2021-09-08T15:53:11.440Z",1265
"2021-09-08T16:39:33.051Z",1200
"2021-09-09T04:03:05.428Z",1001
"2021-09-09T10:09:08.920Z",1333
"2021-09-09T11:18:40.010Z",1473
"2021-09-09T14:38:57.991Z",1466
"2021-09-10T04:02:28.622Z",1000
"2021-09-10T09:47:52.144Z",1507
"2021-09-10T11:05:12.340Z",1350
"2021-09-10T11:29:01.773Z",1762
"2021-09-10T14:21:25.994Z",1394
"2021-09-11T04:02:11.528Z",981
"2021-09-12T04:02:56.104Z",1000
"2021-09-13T04:02:28.841Z",1098
"2021-09-13T08:29:14.091Z",1331
"2021-09-13T13:49:02.215Z",1475
"2021-09-13T15:06:59.803Z",1541
"2021-09-13T17:02:30.666Z",1298
"2021-09-13T17:17:16.493Z",1236
"2021-09-13T17:20:56.148Z",1225
"2021-09-13T17:29:12.699Z",1125
"2021-09-13T19:22:43.364Z",1319
"2021-09-14T04:02:14.355Z",1070
"2021-09-14T09:32:41.993Z",1356
"2021-09-14T13:05:01.555Z",1433
"2021-09-14T13:35:46.993Z",1137
"2021-09-14T16:53:30.096Z",1329
"2021-09-14T21:50:23.478Z",1314
"2021-09-14T22:21:34.042Z",1154
"2021-09-15T04:03:09.872Z",1010
"2021-09-15T08:21:21.259Z",1510
"2021-09-15T09:51:26.603Z",1268
"2021-09-15T10:43:11.928Z",1221
"2021-09-15T10:54:08.873Z",1193
"2021-09-15T11:23:27.722Z",1214
"2021-09-15T16:07:47.376Z",1339
"2021-09-15T18:30:43.164Z",1287
"2021-09-16T04:02:00.251Z",1092
"2021-09-16T09:36:53.196Z",1518
"2021-09-16T13:15:53.809Z",1496
"2021-09-17T04:02:13.281Z",1002
"2021-09-17T08:58:16.310Z",1203
"2021-09-17T10:05:59.273Z",1315
"2021-09-17T10:17:34.344Z",1083
"2021-09-17T12:07:18.901Z",1365
"2021-09-17T12:47:02.302Z",1473
"2021-09-17T14:54:17.532Z",1278
"2021-09-17T15:58:38.901Z",1252
"2021-09-18T04:02:48.478Z",1051
"2021-09-19T04:02:53.147Z",1087
"2021-09-20T04:02:27.688Z",1082
"2021-09-20T09:11:27.843Z",1242
"2021-09-20T10:49:12.740Z",1325
"2021-09-20T13:40:18.385Z",1316
"2021-09-20T13:54:59.661Z",1072
"2021-09-20T17:01:58.422Z",1452
"2021-09-21T04:02:20.632Z",1021
"2021-09-21T10:04:16.634Z",1546
"2021-09-22T04:02:49.836Z",1016
"2021-09-22T09:24:19.647Z",1312
"2021-09-22T11:12:31.635Z",1394
"2021-09-22T15:23:04.642Z",1284
"2021-09-23T04:03:03.365Z",991
"2021-09-23T15:53:16.241Z",1374
"2021-09-23T16:18:17.904Z",1172
"2021-09-23T18:24:10.402Z",1282
"2021-09-24T04:02:41.100Z",1143
"2021-09-24T13:28:03.602Z",1386
"2021-09-24T13:53:22.011Z",1205
"2021-09-24T14:12:00.003Z",1152
"2021-09-25T04:02:01.897Z",1035
"2021-09-26T04:02:44.004Z",988
"2021-09-27T04:02:06.322Z",988
"2021-09-27T09:33:28.714Z",1371
"2021-09-27T10:30:21.400Z",1420
"2021-09-27T10:47:30.677Z",1170
"2021-09-27T14:13:54.451Z",1322
"2021-09-27T16:09:14.567Z",1411
"2021-09-27T16:16:31.300Z",1216
"2021-09-27T16:54:27.893Z",1195
"2021-09-27T17:12:58.167Z",1288
"2021-09-27T17:33:09.895Z",1165
"2021-09-28T04:03:20.948Z",1006
"2021-09-28T08:12:44.684Z",1463
"2021-09-28T10:50:26.485Z",1483
"2021-09-28T13:55:10.883Z",1274
"2021-09-28T17:19:18.741Z",1537
"2021-09-29T04:02:09.179Z",1011
"2021-09-29T09:04:31.750Z",1426
"2021-09-29T09:38:55.743Z",1159
"2021-09-29T10:09:04.959Z",1363
"2021-09-29T11:56:55.629Z",1313
"2021-09-29T15:06:20.233Z",1280
"2021-09-29T18:16:38.460Z",1303
"2021-09-30T04:02:17.092Z",1007
"2021-09-30T08:47:10.167Z",1428
"2021-09-30T09:09:46.623Z",1157
"2021-09-30T11:02:06.240Z",1470
"2021-09-30T11:13:04.984Z",1109
"2021-09-30T15:25:16.462Z",1318
"2021-09-30T15:28:52.025Z",1177
"2021-09-30T16:25:32.207Z",1333
"2021-10-01T00:07:18.313Z",1297
"2021-10-01T04:05:21.624Z",1073
"2021-10-01T04:05:21.986Z",1003
"2021-10-01T13:37:05.948Z",1465
"2021-10-01T13:37:35.796Z",1334
"2021-10-01T16:50:13.495Z",1292
"2021-10-02T04:02:31.113Z",1038
"2021-10-03T04:02:51.803Z",1074
"2021-10-04T04:02:24.278Z",1105
"2021-10-04T10:13:56.153Z",1294
"2021-10-04T16:50:51.076Z",1324
"2021-10-05T04:03:16.499Z",964
"2021-10-06T04:03:21.617Z",1022
"2021-10-06T11:04:56.913Z",1352
"2021-10-06T12:02:31.476Z",1491
"2021-10-06T13:17:37.370Z",1247
"2021-10-06T14:22:53.452Z",1310
"2021-10-06T14:52:52.074Z",1205
"2021-10-06T16:24:45.616Z",1415
"2021-10-06T16:34:25.569Z",1187
"2021-10-06T16:48:40.007Z",1152
"2021-10-07T04:02:33.032Z",1098
"2021-10-07T09:38:34.474Z",1535
"2021-10-07T14:22:44.991Z",1281
"2021-10-07T15:04:24.194Z",1327
"2021-10-07T16:11:16.352Z",1343
"2021-10-08T04:02:39.514Z",1024
"2021-10-08T12:00:03.730Z",1273
"2021-10-08T13:40:47.742Z",1326
"2021-10-08T13:47:34.949Z",1356
"2021-10-08T15:17:01.939Z",1412
"2021-10-08T13:27:51.378Z",1308
"2021-10-09T04:02:53.558Z",1053
"2021-10-10T04:03:15.601Z",1057
"2021-10-11T04:02:27.785Z",1023
"2021-10-11T09:00:21.606Z",1295
"2021-10-11T09:04:33.741Z",1154
"2021-10-11T10:07:11.329Z",1406
"2021-10-11T10:41:03.063Z",1167
"2021-10-11T11:10:12.846Z",1213
"2021-10-11T12:15:20.486Z",1285
"2021-10-11T14:14:21.512Z",1298
"2021-10-11T16:02:07.481Z",1331
"2021-10-11T16:47:41.563Z",1295
"2021-10-11T16:50:52.132Z",1287
"2021-10-11T16:59:41.867Z",1100
"2021-10-11T17:36:42.878Z",1333
"2021-10-11T18:29:27.093Z",1299
"2021-10-12T04:02:17.605Z",1086
"2021-10-12T11:38:47.815Z",1377
"2021-10-12T12:04:39.636Z",1189
"2021-10-12T12:04:21.748Z",
"2021-10-12T13:22:59.795Z",1358
"2021-10-12T13:24:48.149Z",1173
"2021-10-12T16:14:47.504Z",1342
"2021-10-12T16:51:20.304Z",1344
"2021-10-13T10:10:31.638Z",1344
"2021-10-13T10:34:19.507Z",1226
"2021-10-13T10:51:29.288Z",1151
"2021-10-13T11:13:33.380Z",1239
"2021-10-13T11:43:51.584Z",1165
"2021-10-13T11:53:54.421Z",1149
"2021-10-13T11:53:49.171Z",
"2021-10-13T15:13:20.484Z",1153
"2021-10-13T15:57:34.717Z",1380
"2021-10-13T16:05:26.922Z",1151
"2021-10-14T04:02:32.876Z",1000
"2021-10-14T09:48:39.804Z",1208
"2021-10-14T10:05:08.866Z",1260
"2021-10-14T09:24:30.453Z",1182
"2021-10-14T11:11:37.160Z",1619
"2021-10-14T11:38:23.591Z",1113
"2021-10-14T11:47:42.230Z",1193
"2021-10-14T12:52:41.311Z",1353
"2021-10-14T13:31:31.166Z",1311
"2021-10-14T13:32:34.902Z",1179
"2021-10-14T13:33:50.981Z",1173
"2021-10-14T13:58:33.641Z",1188
"2021-10-14T15:03:03.227Z",1378
"2021-10-14T15:05:31.325Z",1392
"2021-10-14T16:01:47.402Z",1334
"2021-10-14T16:45:41.756Z",1427
"2021-10-14T17:23:36.434Z",1299
"2021-10-15T04:02:30.273Z",1148
"2021-10-15T09:01:57.267Z",1363
"2021-10-15T09:53:31.801Z",1213
"2021-10-15T10:28:44.261Z",1367
"2021-10-15T10:48:56.518Z",1210
"2021-10-15T11:04:02.359Z",1346
"2021-10-15T11:10:23.309Z",1171
"2021-10-15T12:18:51.365Z",1294
"2021-10-15T13:18:19.429Z",1332
"2021-10-15T15:33:25.734Z",1315
"2021-10-15T17:30:07.872Z",1391
"2021-10-15T17:32:32.308Z",1333
"2021-10-15T17:58:47.193Z",1201
"2021-10-16T04:02:16.258Z",1087
"2021-10-17T04:03:19.443Z",1016
"2021-10-18T15:17:28.491Z",1539
"2021-10-19T04:03:30.435Z",1044
"2021-10-19T08:37:27.628Z",1551
"2021-10-19T09:19:35.645Z",1400
"2021-10-19T10:09:50.882Z",1388
"2021-10-19T13:15:26.129Z",1375
"2021-10-19T13:24:54.678Z",1256
"2021-10-19T16:04:36.128Z",1276
"2021-10-19T16:34:44.252Z",1235
"2021-10-19T17:20:49.835Z",1370
"2021-10-19T17:32:01.624Z",1264
"2021-10-20T04:02:11.492Z",1176
"2021-10-20T08:44:24.710Z",1323
"2021-10-20T09:33:31.887Z",1306
"2021-10-20T10:06:17.472Z",1142
"2021-10-20T11:13:22.048Z",1293
"2021-10-20T12:59:04.049Z",1259
"2021-10-20T13:22:13.319Z",1153
"2021-10-20T13:53:35.311Z",1304
"2021-10-20T14:06:28.571Z",1204
"2021-10-20T15:15:06.135Z",1286
"2021-10-20T15:26:00.322Z",1258
"2021-10-20T17:10:16.646Z",1414
"2021-10-20T18:05:04.732Z",1284
"2021-10-21T04:02:01.564Z",1106
"2021-10-21T09:13:34.087Z",1222
"2021-10-21T09:14:57.720Z",1229
"2021-10-21T10:52:19.033Z",1374
"2021-10-21T13:12:41.267Z",1518
"2021-10-21T13:25:09.077Z",1114
"2021-10-21T14:45:16.514Z",1222
"2021-10-21T15:26:50.205Z",1319
"2021-10-21T15:27:39.200Z",1180
"2021-10-21T16:26:00.060Z",1311
"2021-10-21T17:35:41.383Z",1572
"2021-10-22T04:02:51.210Z",1083
"2021-10-22T09:49:59.216Z",1364
"2021-10-22T11:18:14.713Z",1217
"2021-10-22T14:29:25.868Z",1313
"2021-10-23T04:02:04.861Z",1029
"2021-10-24T04:03:06.610Z",1023
"2021-10-25T04:02:26.835Z",1063
"2021-10-25T09:20:26.447Z",1405
"2021-10-25T11:19:25.183Z",1253
"2021-10-25T12:04:28.357Z",1325
"2021-10-25T11:32:39.930Z",1322
"2021-10-25T14:14:45.125Z",1179
"2021-10-25T16:45:27.935Z",1171
"2021-10-26T04:02:16.034Z",1083
"2021-10-26T08:29:04.234Z",1483
"2021-10-26T09:01:06.344Z",1189
"2021-10-26T10:36:51.710Z",1476
"2021-10-26T10:49:02.585Z",1257
"2021-10-26T16:53:20.956Z",1362
"2021-10-27T04:02:41.854Z",278
"2021-11-04T13:43:53.306Z",1440
"2021-11-04T14:24:07.773Z",1269
"2021-11-04T15:02:00.825Z",1359
"2021-11-04T15:41:37.008Z",1356
"2021-11-04T16:13:49.233Z",1188
"2021-11-04T16:14:51.913Z",1172
"2021-11-04T18:48:58.388Z",1268
"2021-11-05T05:00:35.450Z",1036
"2021-11-05T10:45:23.286Z",1296
"2021-11-05T11:29:59.811Z",1298
"2021-11-05T11:43:33.190Z",1124
"2021-11-05T13:14:10.519Z",1298
"2021-11-05T15:14:37.073Z",1332
"2021-11-05T15:14:56.542Z",1206
"2021-11-05T16:47:39.910Z",1419
"2021-11-06T05:00:33.768Z",998
"2021-11-07T05:00:34.473Z",984
"2021-11-08T05:00:40.333Z",1088
"2021-11-08T15:37:32.452Z",1472
"2021-11-09T05:01:04.322Z",1038
"2021-11-09T14:46:24.134Z",1211
"2021-11-09T15:08:21.452Z",1062
"2021-11-09T17:23:26.883Z",1188
"2021-11-10T05:00:40.652Z",1036
"2021-11-10T14:27:26.926Z",1196
"2021-11-10T14:27:16.709Z",1266
"2021-11-11T05:00:29.592Z",996
"2021-11-11T09:55:25.524Z",1225
"2021-11-11T10:34:46.839Z",1088
"2021-11-11T12:47:15.090Z",836
"2021-11-11T16:09:39.141Z",1188
"2021-11-11T17:12:47.155Z",1115
"2021-11-11T17:14:14.606Z",1081
"2021-11-11T17:52:33.362Z",1218
"2021-11-11T18:12:30.551Z",1204
"2021-11-11T22:23:24.438Z",1311
"2021-11-12T00:15:15.969Z",1197
"2021-11-12T05:00:37.622Z",959
"2021-11-12T09:18:21.598Z",1191
"2021-11-12T09:26:48.679Z",839
"2021-11-12T09:49:19.768Z",1060
"2021-11-12T10:00:32.731Z",890
"2021-11-12T10:55:56.736Z",1092
"2021-11-12T10:59:26.333Z",929
"2021-11-12T12:23:05.416Z",1056
"2021-11-12T14:51:08.152Z",1083
"2021-11-12T15:26:48.831Z",987
"2021-11-12T15:43:46.494Z",1109
"2021-11-12T16:09:49.406Z",1079
"2021-11-12T17:06:10.700Z",1077
"2021-11-12T15:08:27.445Z",956
"2021-11-12T18:18:50.320Z",1054
"2021-11-12T18:42:35.634Z",1060
"2021-11-12T22:56:40.452Z",1094
"2021-11-13T05:00:32.993Z",926
"2021-11-14T05:00:28.089Z",860
"2021-11-15T05:00:55.390Z",902
"2021-11-15T10:48:05.223Z",1267
"2021-11-15T14:14:58.840Z",1190
"2021-11-16T05:00:34.124Z",995
"2021-11-16T10:42:22.371Z",1186
"2021-11-16T11:04:17.009Z",1067
"2021-11-16T11:15:41.502Z",831
"2021-11-16T14:25:51.637Z",1045
"2021-11-16T16:13:34.355Z",768
"2021-11-16T16:11:02.879Z",1107
"2021-11-16T16:16:48.700Z",911
"2021-11-16T16:35:01.084Z",1000
"2021-11-16T17:05:57.272Z",1018
"2021-11-17T05:00:40.871Z",901
"2021-11-17T10:39:22.850Z",1032
"2021-11-17T13:59:38.931Z",1290
"2021-11-17T15:17:10.985Z",1050
"2021-11-17T15:39:59.914Z",1007
"2021-11-17T16:26:57.664Z",1133
"2021-11-17T16:58:53.232Z",1039
"2021-11-17T17:29:48.125Z",1027
"2021-11-17T17:51:56.780Z",1050
"2021-11-18T05:00:34.480Z",987
"2021-11-18T11:32:48.436Z",887
"2021-11-18T11:41:49.412Z",816
"2021-11-19T05:00:34.983Z",848
"2021-11-19T12:43:21.836Z",1082
"2021-11-19T14:18:48.029Z",1189
"2021-11-19T17:11:00.287Z",993
"2021-11-19T17:17:19.294Z",961
"2021-11-20T05:00:37.083Z",1094
"2021-11-21T05:00:30.933Z",961
"2021-11-22T05:01:09.902Z",1054
"2021-11-22T11:17:39.221Z",1154
"2021-11-22T11:55:04.366Z",1150
"2021-11-23T05:00:35.738Z",1071
"2021-11-23T09:59:44.080Z",1147
"2021-11-23T10:30:56.796Z",1145
"2021-11-23T10:36:02.835Z",947
"2021-11-23T11:45:32.196Z",938
"2021-11-23T12:25:58.911Z",1157
"2021-11-23T13:36:04.385Z",1137
"2021-11-23T15:08:29.724Z",1031
"2021-11-23T16:15:53.383Z",990
"2021-11-23T16:48:19.042Z",986
"2021-11-23T17:00:41.305Z",876
"2021-11-23T17:26:57.146Z",1077
"2021-11-23T18:11:28.044Z",1053
"2021-11-23T19:24:59.201Z",1137
"2021-11-24T05:00:28.706Z",1053
"2021-11-24T10:42:21.976Z",1010
"2021-11-24T12:15:26.859Z",1009
"2021-11-24T12:37:20.746Z",1133
"2021-11-24T12:57:51.997Z",616
"2021-11-24T13:32:36.871Z",718
"2021-11-24T14:13:39.455Z",841
"2021-11-24T14:50:21.514Z",845
"2021-11-24T14:50:52.797Z",649
"2021-11-24T16:56:46.603Z",1082
"2021-11-24T18:16:39.561Z",634
"2021-11-25T05:00:38.800Z",1127
"2021-11-25T10:03:02.172Z",1107
"2021-11-25T10:22:06.846Z",1042
"2021-11-25T10:49:51.755Z",1129
"2021-11-25T16:37:18.744Z",1105
"2021-11-25T17:00:57.560Z",1080
"2021-11-25T17:46:24.399Z",1013
"2021-11-25T20:08:30.493Z",1026
"2021-11-26T05:00:47.978Z",948
"2021-11-26T10:13:25.589Z",1029
"2021-11-26T10:55:26.601Z",928
"2021-11-26T11:07:06.717Z",958
"2021-11-26T11:09:50.816Z",920
"2021-11-26T11:37:28.588Z",1084
"2021-11-26T13:11:20.459Z",731
"2021-11-26T13:30:16.147Z",522
"2021-11-26T14:52:46.040Z",741
"2021-11-26T14:58:24.788Z",514
"2021-11-26T15:24:22.043Z",867
"2021-11-26T15:26:03.088Z",678
"2021-11-26T17:07:06.569Z",712
"2021-11-26T17:57:46.112Z",658
"2021-11-27T05:00:32.338Z",966
"2021-11-28T05:00:36.600Z",931
"2021-11-29T05:00:39.403Z",1049
"2021-11-29T09:49:27.326Z",816
"2021-11-29T10:43:47.410Z",557
"2021-11-29T15:45:26.022Z",754
"2021-11-30T05:00:38.796Z",1169
"2021-11-30T10:41:28.219Z",822
"2021-11-30T10:46:18.910Z",672
"2021-11-30T11:05:43.178Z",686
"2021-11-30T14:23:10.052Z",691
"2021-11-30T15:28:34.565Z",696
"2021-11-30T17:50:41.422Z",728
"2021-12-01T05:00:40.767Z",1070
"2021-12-02T05:00:40.204Z",964
"2021-12-02T10:55:08.623Z",819
"2021-12-02T11:27:30.467Z",824
"2021-12-02T11:52:40.615Z",736
"2021-12-02T14:13:09.287Z",805
"2021-12-02T14:26:21.398Z",559
"2021-12-02T15:04:15.403Z",681
"2021-12-02T15:57:40.487Z",679
"2021-12-02T16:44:41.123Z",726
"2021-12-03T05:02:23.093Z",971
"2021-12-03T09:59:11.086Z",833
"2021-12-03T11:02:49.976Z",684
"2021-12-03T11:37:29.486Z",700
"2021-12-03T12:34:15.327Z",669
"2021-12-03T13:39:10.520Z",736
"2021-12-03T14:13:23.406Z",912
"2021-12-03T17:10:47.772Z",821
"2021-12-04T05:00:31.321Z",999
"2021-12-05T05:00:50.012Z",940
"2021-12-06T05:00:32.933Z",955
"2021-12-06T10:46:34.962Z",667
"2021-12-06T15:07:57.318Z",888
"2021-12-06T15:08:49.360Z",775
"2021-12-06T16:04:48.443Z",685
"2021-12-06T22:35:15.452Z",875
"2021-12-07T05:00:43.352Z",932
"2021-12-07T11:35:08.676Z",573
"2021-12-07T14:16:46.772Z",680
"2021-12-07T11:27:24.012Z",806
"2021-12-07T14:25:01.425Z",635
"2021-12-07T15:14:53.489Z",711
"2021-12-07T16:22:43.521Z",750
"2021-12-08T05:00:35.378Z",998
"2021-12-09T05:00:42.873Z",973
"2021-12-09T09:42:45.390Z",767
"2021-12-09T10:01:09.094Z",540
"2021-12-09T14:04:10.531Z",552
"2021-12-09T14:09:01.624Z",559
"2021-12-09T17:17:37.353Z",697
"2021-12-10T05:00:36.980Z",1104
"2021-12-10T09:00:13.445Z",770
"2021-12-10T10:32:04.891Z",867
"2021-12-10T11:33:03.741Z",698
"2021-12-10T12:32:54.370Z",691
